Negative keyword,Keyword or list,Campaign,Ad group,Level,Match type
free,Keyword,`Security+ SY0-701 · Exam prep · becertifiedtoday`,`Security+ PBQ Practice`,Ad group,Broad match
bootcamp,Keyword,`Security+ SY0-701 · Exam prep · becertifiedtoday`,`Security+ PBQ Practice`,Ad group,Broad match
dump,Keyword,`Security+ SY0-701 · Exam prep · becertifiedtoday`,`Security+ PBQ Practice`,Ad group,Broad match
braindump,Keyword,`Security+ SY0-701 · Exam prep · becertifiedtoday`,`Security+ PBQ Practice`,Ad group,Broad match
free course,Keyword,`Security+ SY0-701 · Exam prep · becertifiedtoday`,`Security+ PBQ Practice`,Ad group,Broad match
"""""""security+ flashcards""""""",Keyword,`Security+ SY0-701 · Exam prep · becertifiedtoday`,`Security+ PBQ Practice`,Ad group,Phrase match
pdf download,Keyword,`Security+ SY0-701 · Exam prep · becertifiedtoday`,`Security+ PBQ Practice`,Ad group,Broad match
"""""""security+ practice test""""""",Keyword,`Security+ SY0-701 · Exam prep · becertifiedtoday`,`Security+ PBQ Practice`,Ad group,Phrase match
"""""""free timed simulation""""""",Keyword,`Security+ SY0-701 · Exam prep · becertifiedtoday`, --,Campaign,Phrase match
"""""""pen test+""""""",Keyword,`Security+ SY0-701 · Exam prep · becertifiedtoday`, --,Campaign,Phrase match
"""""""free practice""""""",Keyword,`Security+ SY0-701 · Exam prep · becertifiedtoday`, --,Campaign,Phrase match
"""""""pass guarantee""""""",Keyword,`Security+ SY0-701 · Exam prep · becertifiedtoday`, --,Campaign,Phrase match
"""""""free practice test""""""",Keyword,`Security+ SY0-701 · Exam prep · becertifiedtoday`, --,Campaign,Phrase match
"""""""guaranteed pass""""""",Keyword,`Security+ SY0-701 · Exam prep · becertifiedtoday`, --,Campaign,Phrase match
"""""""security+ training""""""",Keyword,`Security+ SY0-701 · Exam prep · becertifiedtoday`, --,Campaign,Phrase match
"""""""latest sy0-701 questions""""""",Keyword,`Security+ SY0-701 · Exam prep · becertifiedtoday`, --,Campaign,Phrase match
"""""""sy0-701 v5.0 question bank""""""",Keyword,`Security+ SY0-701 · Exam prep · becertifiedtoday`, --,Campaign,Phrase match
"""""""security+ question bank""""""",Keyword,`Security+ SY0-701 · Exam prep · becertifiedtoday`, --,Campaign,Phrase match
"""""""ccna 200-301""""""",Keyword,`Security+ SY0-701 · Exam prep · becertifiedtoday`, --,Campaign,Phrase match
"""""""free dump""""""",Keyword,`Security+ SY0-701 · Exam prep · becertifiedtoday`, --,Campaign,Phrase match
"""""""exam content""""""",Keyword,`Security+ SY0-701 · Exam prep · becertifiedtoday`, --,Campaign,Phrase match
"""""""free course""""""",Keyword,`Security+ SY0-701 · Exam prep · becertifiedtoday`, --,Campaign,Phrase match
boson,Keyword,`Security+ SY0-701 · Exam prep · becertifiedtoday`, --,Campaign,Broad match
"""""""free download""""""",Keyword,`Security+ SY0-701 · Exam prep · becertifiedtoday`, --,Campaign,Phrase match
"""""""security+ 1000+ questions""""""",Keyword,`Security+ SY0-701 · Exam prep · becertifiedtoday`, --,Campaign,Phrase match
"""""""free timed sample""""""",Keyword,`Security+ SY0-701 · Exam prep · becertifiedtoday`, --,Campaign,Phrase match
"""""""free timed""""""",Keyword,`Security+ SY0-701 · Exam prep · becertifiedtoday`, --,Campaign,Phrase match
"""""""free pbq""""""",Keyword,`Security+ SY0-701 · Exam prep · becertifiedtoday`, --,Campaign,Phrase match
examtopics,Keyword,`Security+ SY0-701 · Exam prep · becertifiedtoday`, --,Campaign,Broad match
"""""""instructor led""""""",Keyword,`Security+ SY0-701 · Exam prep · becertifiedtoday`, --,Campaign,Phrase match
"""""""brain dump""""""",Keyword,`Security+ SY0-701 · Exam prep · becertifiedtoday`, --,Campaign,Phrase match
ceh,Keyword,`Security+ SY0-701 · Exam prep · becertifiedtoday`, --,Campaign,Broad match
"""""""pdf download""""""",Keyword,`Security+ SY0-701 · Exam prep · becertifiedtoday`, --,Campaign,Phrase match
jobs,Keyword,`Security+ SY0-701 · Exam prep · becertifiedtoday`, --,Campaign,Broad match
"""""""comptia security+ question bank""""""",Keyword,`Security+ SY0-701 · Exam prep · becertifiedtoday`, --,Campaign,Phrase match
"""""""exam dump""""""",Keyword,`Security+ SY0-701 · Exam prep · becertifiedtoday`, --,Campaign,Phrase match
"""""""training course""""""",Keyword,`Security+ SY0-701 · Exam prep · becertifiedtoday`, --,Campaign,Phrase match
bootcamp,Keyword,`Security+ SY0-701 · Exam prep · becertifiedtoday`, --,Campaign,Broad match
free,Keyword,`Security+ SY0-701 · Exam prep · becertifiedtoday`, --,Campaign,Broad match
"""""""unauthorized exam content""""""",Keyword,`Security+ SY0-701 · Exam prep · becertifiedtoday`, --,Campaign,Phrase match
"""""""dion training""""""",Keyword,`Security+ SY0-701 · Exam prep · becertifiedtoday`, --,Campaign,Phrase match
"""""""ccnp encor""""""",Keyword,`Security+ SY0-701 · Exam prep · becertifiedtoday`, --,Campaign,Phrase match
"""""""security+ jobs""""""",Keyword,`Security+ SY0-701 · Exam prep · becertifiedtoday`, --,Campaign,Phrase match
"""""""professor messer""""""",Keyword,`Security+ SY0-701 · Exam prep · becertifiedtoday`, --,Campaign,Phrase match
udemy,Keyword,`Security+ SY0-701 · Exam prep · becertifiedtoday`, --,Campaign,Broad match
"""""""free questions""""""",Keyword,`Security+ SY0-701 · Exam prep · becertifiedtoday`, --,Campaign,Phrase match
"""""""security+ 1000 questions""""""",Keyword,`Security+ SY0-701 · Exam prep · becertifiedtoday`, --,Campaign,Phrase match
"""""""35 minute free""""""",Keyword,`Security+ SY0-701 · Exam prep · becertifiedtoday`, --,Campaign,Phrase match
"""""""security+ salary""""""",Keyword,`Security+ SY0-701 · Exam prep · becertifiedtoday`, --,Campaign,Phrase match
"""""""free simulation""""""",Keyword,`Security+ SY0-701 · Exam prep · becertifiedtoday`, --,Campaign,Phrase match
coursera,Keyword,`Security+ SY0-701 · Exam prep · becertifiedtoday`, --,Campaign,Broad match
cissp,Keyword,`Security+ SY0-701 · Exam prep · becertifiedtoday`, --,Campaign,Broad match
salary,Keyword,`Security+ SY0-701 · Exam prep · becertifiedtoday`, --,Campaign,Broad match
ccna,Keyword,`Security+ SY0-701 · Exam prep · becertifiedtoday`, --,Campaign,Broad match
