Keyword status,Keyword,Match type,Campaign,Ad group,Status,Status reasons,Final URL,Clicks,Impr.
Enabled,"""""""sy0-701 practice questions""""""",Phrase match,`Security+ SY0-701 · Exam prep · becertifiedtoday`,`Security+ PBQ Practice`,Eligible,,,0,2
Enabled,"""""""security+ timed exam simulation""""""",Phrase match,`Security+ SY0-701 · Exam prep · becertifiedtoday`,`Security+ PBQ Practice`,Not eligible,rarely served,,0,0
Enabled,[sy0-701 pbq],Exact match,`Security+ SY0-701 · Exam prep · becertifiedtoday`,`Security+ PBQ Practice`,Eligible,,,0,0
Enabled,"""""""security+ chain lab practice""""""",Phrase match,`Security+ SY0-701 · Exam prep · becertifiedtoday`,`Security+ PBQ Practice`,Not eligible,rarely served,,0,0
Enabled,"""""""security+ hot spot practice""""""",Phrase match,`Security+ SY0-701 · Exam prep · becertifiedtoday`,`Security+ PBQ Practice`,Not eligible,rarely served,,0,0
Enabled,"""""""security+ incident response pbq""""""",Phrase match,`Security+ SY0-701 · Exam prep · becertifiedtoday`,`Security+ PBQ Practice`,Eligible,,,0,0
Enabled,"""""""security+ practice exam simulation""""""",Phrase match,`Security+ SY0-701 · Exam prep · becertifiedtoday`,`Security+ PBQ Practice`,Not eligible,rarely served,,0,0
Enabled,[security+ exam simulation online],Exact match,`Security+ SY0-701 · Exam prep · becertifiedtoday`,`Security+ PBQ Practice`,Not eligible,rarely served,,0,0
Enabled,"""""""security+ pbq timed prep""""""",Phrase match,`Security+ SY0-701 · Exam prep · becertifiedtoday`,`Security+ PBQ Practice`,Not eligible,rarely served,,0,0
Enabled,"""""""security+ required for job""""""",Phrase match,`Security+ SY0-701 · Exam prep · becertifiedtoday`,`Security+ PBQ Practice`,Not eligible,rarely served,,0,0
Enabled,"""""""security+ employer mandated cert""""""",Phrase match,`Security+ SY0-701 · Exam prep · becertifiedtoday`,`Security+ PBQ Practice`,Not eligible,rarely served,,0,0
Enabled,"""""""security+ hands on practice""""""",Phrase match,`Security+ SY0-701 · Exam prep · becertifiedtoday`,`Security+ PBQ Practice`,Not eligible,rarely served,,0,0
Enabled,"""""""security+ contractor certification""""""",Phrase match,`Security+ SY0-701 · Exam prep · becertifiedtoday`,`Security+ PBQ Practice`,Not eligible,rarely served,,0,0
Enabled,"""""""security+ study prep online""""""",Phrase match,`Security+ SY0-701 · Exam prep · becertifiedtoday`,`Security+ PBQ Practice`,Not eligible,rarely served,,0,0
Enabled,"""""""security+ before starting job""""""",Phrase match,`Security+ SY0-701 · Exam prep · becertifiedtoday`,`Security+ PBQ Practice`,Not eligible,rarely served,,0,0
Enabled,[comptia security+ pbq],Exact match,`Security+ SY0-701 · Exam prep · becertifiedtoday`,`Security+ PBQ Practice`,Limited,low quality,,0,3
Enabled,"""""""security+ practice questions""""""",Phrase match,`Security+ SY0-701 · Exam prep · becertifiedtoday`,`Security+ PBQ Practice`,Eligible,,,0,23
Enabled,"""""""90 minute security+ practice test""""""",Phrase match,`Security+ SY0-701 · Exam prep · becertifiedtoday`,`Security+ PBQ Practice`,Not eligible,rarely served,,0,0
Enabled,"""""""sy0-701 prep""""""",Phrase match,`Security+ SY0-701 · Exam prep · becertifiedtoday`,`Security+ PBQ Practice`,Eligible,,,0,0
Enabled,"""""""security+ how to pass pbq""""""",Phrase match,`Security+ SY0-701 · Exam prep · becertifiedtoday`,`Security+ PBQ Practice`,Not eligible,rarely served,,0,0
Enabled,[security+ performance based questions],Exact match,`Security+ SY0-701 · Exam prep · becertifiedtoday`,`Security+ PBQ Practice`,Eligible,,,0,0
Enabled,"""""""security+ exam prep online""""""",Phrase match,`Security+ SY0-701 · Exam prep · becertifiedtoday`,`Security+ PBQ Practice`,Not eligible,rarely served,,0,0
Enabled,"""""""security+ pbq practice""""""",Phrase match,`Security+ SY0-701 · Exam prep · becertifiedtoday`,`Security+ PBQ Practice`,Eligible,,,0,1
Enabled,"""""""security+ realistic practice test""""""",Phrase match,`Security+ SY0-701 · Exam prep · becertifiedtoday`,`Security+ PBQ Practice`,Not eligible,rarely served,,0,0
Enabled,"""""""security+ government contractor""""""",Phrase match,`Security+ SY0-701 · Exam prep · becertifiedtoday`,`Security+ PBQ Practice`,Not eligible,rarely served,,0,0
Enabled,"""""""security+ pbq in browser""""""",Phrase match,`Security+ SY0-701 · Exam prep · becertifiedtoday`,`Security+ PBQ Practice`,Not eligible,rarely served,,0,0
Enabled,"""""""comptia security+ practice questions""""""",Phrase match,`Security+ SY0-701 · Exam prep · becertifiedtoday`,`Security+ PBQ Practice`,Eligible,,,0,0
Enabled,"""""""security+ federal contractor exam""""""",Phrase match,`Security+ SY0-701 · Exam prep · becertifiedtoday`,`Security+ PBQ Practice`,Not eligible,rarely served,,0,0
Enabled,"""""""security+ timed exam prep""""""",Phrase match,`Security+ SY0-701 · Exam prep · becertifiedtoday`,`Security+ PBQ Practice`,Not eligible,rarely served,,0,0
Enabled,"""""""security+ scenario practice online""""""",Phrase match,`Security+ SY0-701 · Exam prep · becertifiedtoday`,`Security+ PBQ Practice`,Not eligible,rarely served,,0,0
Enabled,"""""""security+ hot spot questions""""""",Phrase match,`Security+ SY0-701 · Exam prep · becertifiedtoday`,`Security+ PBQ Practice`,Not eligible,rarely served,,0,0
Enabled,"""""""security+ clearance certification""""""",Phrase match,`Security+ SY0-701 · Exam prep · becertifiedtoday`,`Security+ PBQ Practice`,Not eligible,rarely served,,0,0
Enabled,"""""""security+ interactive scenarios""""""",Phrase match,`Security+ SY0-701 · Exam prep · becertifiedtoday`,`Security+ PBQ Practice`,Not eligible,rarely served,,0,0
Enabled,"""""""security+ timed practice test online""""""",Phrase match,`Security+ SY0-701 · Exam prep · becertifiedtoday`,`Security+ PBQ Practice`,Not eligible,rarely served,,0,0
Enabled,"""""""security+ pbq practice online""""""",Phrase match,`Security+ SY0-701 · Exam prep · becertifiedtoday`,`Security+ PBQ Practice`,Not eligible,rarely served,,0,0
Enabled,"""""""security+ pbq browser""""""",Phrase match,`Security+ SY0-701 · Exam prep · becertifiedtoday`,`Security+ PBQ Practice`,Not eligible,rarely served,,0,0
Enabled,"""""""security+ drag and drop practice""""""",Phrase match,`Security+ SY0-701 · Exam prep · becertifiedtoday`,`Security+ PBQ Practice`,Not eligible,rarely served,,0,0
Enabled,"""""""sy0-701 dod requirement""""""",Phrase match,`Security+ SY0-701 · Exam prep · becertifiedtoday`,`Security+ PBQ Practice`,Not eligible,rarely served,,0,0
Enabled,"""""""security+ dod certification""""""",Phrase match,`Security+ SY0-701 · Exam prep · becertifiedtoday`,`Security+ PBQ Practice`,Eligible,,,0,0
Enabled,"""""""security+ performance based question""""""",Phrase match,`Security+ SY0-701 · Exam prep · becertifiedtoday`,`Security+ PBQ Practice`,Eligible,,,0,0
Enabled,"""""""security+ for government job""""""",Phrase match,`Security+ SY0-701 · Exam prep · becertifiedtoday`,`Security+ PBQ Practice`,Not eligible,rarely served,,0,0
Enabled,"""""""security+ certification job requirement""""""",Phrase match,`Security+ SY0-701 · Exam prep · becertifiedtoday`,`Security+ PBQ Practice`,Not eligible,rarely served,,0,0
Enabled,"""""""comptia security+ for dod""""""",Phrase match,`Security+ SY0-701 · Exam prep · becertifiedtoday`,`Security+ PBQ Practice`,Eligible,,,0,0
Enabled,"""""""security+ work requirement""""""",Phrase match,`Security+ SY0-701 · Exam prep · becertifiedtoday`,`Security+ PBQ Practice`,Not eligible,rarely served,,0,0
Enabled,"""""""security+ pbq realistic scenarios""""""",Phrase match,`Security+ SY0-701 · Exam prep · becertifiedtoday`,`Security+ PBQ Practice`,Not eligible,rarely served,,0,0
Enabled,[security+ pbq practice],Exact match,`Security+ SY0-701 · Exam prep · becertifiedtoday`,`Security+ PBQ Practice`,Eligible,,,0,3
Enabled,"""""""comptia security+ pbq""""""",Phrase match,`Security+ SY0-701 · Exam prep · becertifiedtoday`,`Security+ PBQ Practice`,Limited,low quality,,0,17
Enabled,"""""""dark web pbq security+""""""",Phrase match,`Security+ SY0-701 · Exam prep · becertifiedtoday`,`Security+ PBQ Practice`,Not eligible,rarely served,,0,0
Enabled,"""""""8140 security+ prep""""""",Phrase match,`Security+ SY0-701 · Exam prep · becertifiedtoday`,`Security+ PBQ Practice`,Not eligible,rarely served,,0,0
Enabled,[dod security+ certification],Exact match,`Security+ SY0-701 · Exam prep · becertifiedtoday`,`Security+ PBQ Practice`,Eligible,,,0,0
Enabled,"""""""security+ browser pbq""""""",Phrase match,`Security+ SY0-701 · Exam prep · becertifiedtoday`,`Security+ PBQ Practice`,Not eligible,rarely served,,0,0
Enabled,"""""""security+ mock exam online""""""",Phrase match,`Security+ SY0-701 · Exam prep · becertifiedtoday`,`Security+ PBQ Practice`,Eligible,,,0,0
Enabled,[security+ 8140],Exact match,`Security+ SY0-701 · Exam prep · becertifiedtoday`,`Security+ PBQ Practice`,Eligible,,,0,0
Enabled,"""""""security+ pbq no download""""""",Phrase match,`Security+ SY0-701 · Exam prep · becertifiedtoday`,`Security+ PBQ Practice`,Not eligible,rarely served,,0,0
Enabled,"""""""comptia sy0-701 pbq""""""",Phrase match,`Security+ SY0-701 · Exam prep · becertifiedtoday`,`Security+ PBQ Practice`,Eligible,,,0,0
Enabled,"""""""security+ performance based questions""""""",Phrase match,`Security+ SY0-701 · Exam prep · becertifiedtoday`,`Security+ PBQ Practice`,Eligible,,,0,0
Enabled,"""""""sy0-701 performance based""""""",Phrase match,`Security+ SY0-701 · Exam prep · becertifiedtoday`,`Security+ PBQ Practice`,Eligible,,,0,0
Enabled,"""""""security+ 8140""""""",Phrase match,`Security+ SY0-701 · Exam prep · becertifiedtoday`,`Security+ PBQ Practice`,Eligible,,,0,0
Enabled,"""""""sy0-701 pbq practice""""""",Phrase match,`Security+ SY0-701 · Exam prep · becertifiedtoday`,`Security+ PBQ Practice`,Eligible,,,0,0
Enabled,"""""""security+ exam simulation online""""""",Phrase match,`Security+ SY0-701 · Exam prep · becertifiedtoday`,`Security+ PBQ Practice`,Not eligible,rarely served,,0,0
Enabled,[security+ timed practice test],Exact match,`Security+ SY0-701 · Exam prep · becertifiedtoday`,`Security+ PBQ Practice`,Eligible,,,0,0
Enabled,"""""""security+ pbq chain lab""""""",Phrase match,`Security+ SY0-701 · Exam prep · becertifiedtoday`,`Security+ PBQ Practice`,Not eligible,rarely served,,0,0
Enabled,"""""""security+ dark web incident response pbq""""""",Phrase match,`Security+ SY0-701 · Exam prep · becertifiedtoday`,`Security+ PBQ Practice`,Not eligible,rarely served,,0,0
Enabled,"""""""dod security+ certification""""""",Phrase match,`Security+ SY0-701 · Exam prep · becertifiedtoday`,`Security+ PBQ Practice`,Eligible,,,0,0
Enabled,"""""""security+ dod 8140 prep""""""",Phrase match,`Security+ SY0-701 · Exam prep · becertifiedtoday`,`Security+ PBQ Practice`,Not eligible,rarely served,,0,0
Enabled,"""""""security+ simulation online""""""",Phrase match,`Security+ SY0-701 · Exam prep · becertifiedtoday`,`Security+ PBQ Practice`,Not eligible,rarely served,,0,0
Enabled,"""""""security+ practice portal""""""",Phrase match,`Security+ SY0-701 · Exam prep · becertifiedtoday`,`Security+ PBQ Practice`,Not eligible,rarely served,,0,0
