Done,Section,Phase,Step,Task,Value,Ad set,Notes
FALSE,Setup,Pre-launch,1,Confirm Stripe secplus-portal-10d live at $9.99,,,
FALSE,Setup,Pre-launch,2,Confirm Stripe secplus-portal-30d live at $19.99,,,
FALSE,Setup,Pre-launch,3,Test checkout from comptia-sec+-home.html desktop + mobile,,,Verify begin_checkout in GA4
FALSE,Setup,Pre-launch,4,Confirm free dark web PBQ sample loads from PBQ landing,,,
FALSE,Setup,Pre-launch,5,Login ads.reddit.com as u/BeCertifiedToday,,,See Reddit/Account.md
FALSE,Setup,Pre-launch,6,Confirm payment method and USD currency in ads dashboard,,,
FALSE,Setup,Campaign,1,Create campaign,SEC+_Wedge_Reddit,Campaign,
FALSE,Setup,Campaign,2,Set objective,Traffic,Campaign,
FALSE,Setup,Campaign,3,Set daily budget,$20.00/day,Campaign,
FALSE,Setup,Campaign,4,Set max bid,$4.00,Campaign,Reddit ad set bid cap
FALSE,Setup,Campaign,5,Set schedule,Continuous,Campaign,
FALSE,Setup,Targeting,1,Set locations,US CA UK AU,Campaign,Presence
FALSE,Setup,Targeting,2,Enable Feed placement,On,Campaign,
FALSE,Setup,Targeting,3,Enable Conversation placement,On,Campaign,
FALSE,Setup,Targeting,4,Add community,r/CompTIA,Campaign,
FALSE,Setup,Targeting,5,Add community,r/SecurityPlus,Campaign,
FALSE,Setup,Targeting,6,Skip interest targeting,None,Campaign,
FALSE,Setup,Targeting,7,Skip keyword targeting,None,Campaign,
FALSE,Setup,Bidding,1,Enable automated bidding,On,Campaign,
FALSE,Setup,Bidding,2,Set strategy,Lowest cost,Campaign,
FALSE,Setup,Bidding,3,Turn off cost cap,Off,Campaign,
FALSE,Setup,Tracking,1,Skip Reddit Pixel for launch,UTMs only,Campaign,
FALSE,Setup,Tracking,2,Leave third-party Tracker URL empty,Do not paste landing URL,Campaign,Fixes tracker must differ error
FALSE,Setup,Tracking,3,Set destination URL Option A or B,See Sec+ campaign Reddit only tracking section,Campaign,
FALSE,Setup,Ad set 1,1,Set post type,Image,PBQ,
FALSE,Setup,Ad set 1,2,Set profile,u/BeCertifiedToday,PBQ,
FALSE,Setup,Ad set 1,3,Set CTA button,Learn More,PBQ,
FALSE,Setup,Ad set 1,4,Set final URL,https://becertifiedtoday.com/comptia-sec+-home.html?utm_source=reddit&utm_medium=cpc&utm_campaign=secplus_wedge_pbq&utm_content=reddit-pbq,PBQ,
FALSE,Setup,Ad set 1,5,Paste headline,SY0-701 PBQs in the browser — chain labs not a PDF,PBQ,From Sec+ Reddit Copy Ad set 1
FALSE,Setup,Ad set 1,6,Paste body copy,See Sec+ Reddit Copy Ad set 1,PBQ,34 PBQ scenarios · timed sim · $9.99/10d
FALSE,Setup,Ad set 1,7,Upload main image,PBQ scenario screenshot,PBQ,Dark web or chain lab
FALSE,Setup,Ad set 1,8,Add text on image,Security+ SY0-701 / Browser PBQs / 90-min timed sim / $9.99,PBQ,Canva before upload
FALSE,Setup,Ad set 1,9,Submit ad for review,,PBQ,Wait 24-48 hr
FALSE,Setup,Ad set 1,10,Confirm status Active,,PBQ,
FALSE,Setup,Launch,1,Test click final URL,,,utm_content=reddit-pbq in GA4
FALSE,Setup,Launch,2,Verify GA4 session source reddit,,,
FALSE,Setup,Launch,3,Log launch date in Post log,,,Reddit/posting/Post log.md
FALSE,Setup,Ad set 2,1,Set final URL timed sim,https://becertifiedtoday.com/comptia-sec+-home.html?utm_source=reddit&utm_medium=cpc&utm_campaign=secplus_portal&utm_content=reddit-timed-sim,Timed sim,Phase 2 after 7 days
FALSE,Setup,Ad set 2,2,Paste Ad set 2 copy,See Sec+ Reddit Copy Ad set 2,Timed sim,Work cert angle
FALSE,Setup,Organic,1,Read Voice guide before first reply,,,Reddit/posting/Voice guide.md
FALSE,Setup,Organic,2,Log 5+ helpful replies in 14 days,,,Sec+ replies templates
FALSE,Ops,Week 1,1,Day 1 confirm ad Active and GA4 reddit traffic,,,
FALSE,Ops,Week 1,2,Day 3 check CTR aim above 0.2 percent,,,
FALSE,Ops,Week 1,3,Day 7 review begin_checkout by utm_content,,,reddit-pbq vs reddit-timed-sim
FALSE,Ops,Week 1,4,Log metrics in A/B table,,,Sec+ Reddit Copy
