Campaign,Rank,Keyword,Match type,Ad group,Level,Google status,Impr (2026-06-23),Clicks (2026-06-23),Impr (2026-06-25),Clicks (2026-06-25),Cost (2026-06-25)
Security+ SY0-701 · Exam prep · becertifiedtoday,1,[security+ pbq practice],Exact,Security+ PBQ Practice,positive,Eligible,3,0,,4,8.06
Security+ SY0-701 · Exam prep · becertifiedtoday,2,[sy0-701 pbq],Exact,Security+ PBQ Practice,positive,Eligible,0,0,,,
Security+ SY0-701 · Exam prep · becertifiedtoday,3,[security+ performance based questions],Exact,Security+ PBQ Practice,positive,Eligible,0,0,,1,2.45
Security+ SY0-701 · Exam prep · becertifiedtoday,4,[comptia security+ pbq],Exact,Security+ PBQ Practice,positive,low quality,3,0,,,
Security+ SY0-701 · Exam prep · becertifiedtoday,5,"""security+ pbq realistic scenarios""",Phrase,Security+ PBQ Practice,positive,rarely served,0,0,,,
Security+ SY0-701 · Exam prep · becertifiedtoday,6,"""security+ pbq timed prep""",Phrase,Security+ PBQ Practice,positive,rarely served,0,0,,,
Security+ SY0-701 · Exam prep · becertifiedtoday,7,"""security+ how to pass pbq""",Phrase,Security+ PBQ Practice,positive,rarely served,0,0,,,
Security+ SY0-701 · Exam prep · becertifiedtoday,8,"""security+ pbq practice""",Phrase,Security+ PBQ Practice,positive,Eligible,1,0,,,
Security+ SY0-701 · Exam prep · becertifiedtoday,9,"""security+ pbq practice online""",Phrase,Security+ PBQ Practice,positive,rarely served,0,0,,,
Security+ SY0-701 · Exam prep · becertifiedtoday,10,"""security+ performance based questions""",Phrase,Security+ PBQ Practice,positive,Eligible,0,0,,,
Security+ SY0-701 · Exam prep · becertifiedtoday,11,"""security+ performance based question""",Phrase,Security+ PBQ Practice,positive,Eligible,0,0,,,
Security+ SY0-701 · Exam prep · becertifiedtoday,12,"""comptia security+ pbq""",Phrase,Security+ PBQ Practice,positive,low quality,17,0,,,
Security+ SY0-701 · Exam prep · becertifiedtoday,13,"""sy0-701 performance based""",Phrase,Security+ PBQ Practice,positive,Eligible,0,0,,,
Security+ SY0-701 · Exam prep · becertifiedtoday,14,"""sy0-701 pbq practice""",Phrase,Security+ PBQ Practice,positive,Eligible,0,0,,,
Security+ SY0-701 · Exam prep · becertifiedtoday,15,"""comptia sy0-701 pbq""",Phrase,Security+ PBQ Practice,positive,Eligible,0,0,,,
Security+ SY0-701 · Exam prep · becertifiedtoday,16,"""security+ pbq browser""",Phrase,Security+ PBQ Practice,positive,rarely served,0,0,,,
Security+ SY0-701 · Exam prep · becertifiedtoday,17,"""security+ pbq in browser""",Phrase,Security+ PBQ Practice,positive,rarely served,0,0,,,
Security+ SY0-701 · Exam prep · becertifiedtoday,18,"""security+ browser pbq""",Phrase,Security+ PBQ Practice,positive,rarely served,0,0,,,
Security+ SY0-701 · Exam prep · becertifiedtoday,19,"""security+ pbq no download""",Phrase,Security+ PBQ Practice,positive,rarely served,0,0,,,
Security+ SY0-701 · Exam prep · becertifiedtoday,20,"""security+ pbq chain lab""",Phrase,Security+ PBQ Practice,positive,rarely served,0,0,,,
Security+ SY0-701 · Exam prep · becertifiedtoday,21,"""security+ chain lab practice""",Phrase,Security+ PBQ Practice,positive,rarely served,0,0,,,
Security+ SY0-701 · Exam prep · becertifiedtoday,22,"""security+ drag and drop practice""",Phrase,Security+ PBQ Practice,positive,rarely served,0,0,,,
Security+ SY0-701 · Exam prep · becertifiedtoday,23,"""security+ hot spot questions""",Phrase,Security+ PBQ Practice,positive,rarely served,0,0,,,
Security+ SY0-701 · Exam prep · becertifiedtoday,24,"""security+ hot spot practice""",Phrase,Security+ PBQ Practice,positive,rarely served,0,0,,,
Security+ SY0-701 · Exam prep · becertifiedtoday,25,"""security+ incident response pbq""",Phrase,Security+ PBQ Practice,positive,Eligible,0,0,,,
Security+ SY0-701 · Exam prep · becertifiedtoday,26,"""security+ interactive scenarios""",Phrase,Security+ PBQ Practice,positive,rarely served,0,0,,,
Security+ SY0-701 · Exam prep · becertifiedtoday,27,"""security+ hands on practice""",Phrase,Security+ PBQ Practice,positive,rarely served,0,0,,,
Security+ SY0-701 · Exam prep · becertifiedtoday,28,"""security+ scenario practice online""",Phrase,Security+ PBQ Practice,positive,rarely served,0,0,,,
Security+ SY0-701 · Exam prep · becertifiedtoday,29,"""security+ simulation online""",Phrase,Security+ PBQ Practice,positive,rarely served,0,0,,,
Security+ SY0-701 · Exam prep · becertifiedtoday,30,"""dark web pbq security+""",Phrase,Security+ PBQ Practice,positive,rarely served,0,0,,,
Security+ SY0-701 · Exam prep · becertifiedtoday,31,"""security+ dark web incident response pbq""",Phrase,Security+ PBQ Practice,positive,rarely served,0,0,,,
Security+ SY0-701 · Exam prep · becertifiedtoday,32,[security+ exam simulation online],Exact,Security+ PBQ Practice,positive,rarely served,0,0,,,
Security+ SY0-701 · Exam prep · becertifiedtoday,33,[security+ timed practice test],Exact,Security+ PBQ Practice,positive,Eligible,0,0,,2,4.19
Security+ SY0-701 · Exam prep · becertifiedtoday,34,"""security+ exam simulation online""",Phrase,Security+ PBQ Practice,positive,rarely served,0,0,,,
Security+ SY0-701 · Exam prep · becertifiedtoday,35,"""security+ timed practice test online""",Phrase,Security+ PBQ Practice,positive,rarely served,0,0,,,
Security+ SY0-701 · Exam prep · becertifiedtoday,36,"""security+ mock exam online""",Phrase,Security+ PBQ Practice,positive,Eligible,0,0,,,
Security+ SY0-701 · Exam prep · becertifiedtoday,37,"""security+ realistic practice test""",Phrase,Security+ PBQ Practice,positive,rarely served,0,0,,,
Security+ SY0-701 · Exam prep · becertifiedtoday,38,"""security+ practice exam simulation""",Phrase,Security+ PBQ Practice,positive,rarely served,0,0,,,
Security+ SY0-701 · Exam prep · becertifiedtoday,39,"""security+ timed exam prep""",Phrase,Security+ PBQ Practice,positive,rarely served,0,0,,,
Security+ SY0-701 · Exam prep · becertifiedtoday,40,"""90 minute security+ practice test""",Phrase,Security+ PBQ Practice,positive,rarely served,0,0,,,
Security+ SY0-701 · Exam prep · becertifiedtoday,41,"""security+ timed exam simulation""",Phrase,Security+ PBQ Practice,positive,rarely served,0,0,,,
Security+ SY0-701 · Exam prep · becertifiedtoday,42,[security+ 8140],Exact,Security+ PBQ Practice,positive,Eligible,0,0,,,
Security+ SY0-701 · Exam prep · becertifiedtoday,43,[dod security+ certification],Exact,Security+ PBQ Practice,positive,Eligible,0,0,,,
Security+ SY0-701 · Exam prep · becertifiedtoday,44,"""security+ before starting job""",Phrase,Security+ PBQ Practice,positive,rarely served,0,0,,,
Security+ SY0-701 · Exam prep · becertifiedtoday,45,"""security+ employer mandated cert""",Phrase,Security+ PBQ Practice,positive,rarely served,0,0,,,
Security+ SY0-701 · Exam prep · becertifiedtoday,46,"""security+ required for job""",Phrase,Security+ PBQ Practice,positive,rarely served,0,0,,,
Security+ SY0-701 · Exam prep · becertifiedtoday,47,"""security+ certification job requirement""",Phrase,Security+ PBQ Practice,positive,rarely served,0,0,,,
Security+ SY0-701 · Exam prep · becertifiedtoday,48,"""security+ work requirement""",Phrase,Security+ PBQ Practice,positive,rarely served,0,0,,,
Security+ SY0-701 · Exam prep · becertifiedtoday,49,"""security+ 8140""",Phrase,Security+ PBQ Practice,positive,Eligible,0,0,,,
Security+ SY0-701 · Exam prep · becertifiedtoday,50,"""dod security+ certification""",Phrase,Security+ PBQ Practice,positive,Eligible,0,0,,,
Security+ SY0-701 · Exam prep · becertifiedtoday,51,"""security+ dod certification""",Phrase,Security+ PBQ Practice,positive,Eligible,0,0,,,
Security+ SY0-701 · Exam prep · becertifiedtoday,52,"""8140 security+ prep""",Phrase,Security+ PBQ Practice,positive,rarely served,0,0,,,
Security+ SY0-701 · Exam prep · becertifiedtoday,53,"""security+ dod 8140 prep""",Phrase,Security+ PBQ Practice,positive,rarely served,0,0,,,
Security+ SY0-701 · Exam prep · becertifiedtoday,54,"""comptia security+ for dod""",Phrase,Security+ PBQ Practice,positive,Eligible,0,0,,,
Security+ SY0-701 · Exam prep · becertifiedtoday,55,"""sy0-701 dod requirement""",Phrase,Security+ PBQ Practice,positive,rarely served,0,0,,,
Security+ SY0-701 · Exam prep · becertifiedtoday,56,"""security+ government contractor""",Phrase,Security+ PBQ Practice,positive,rarely served,0,0,,,
Security+ SY0-701 · Exam prep · becertifiedtoday,57,"""security+ federal contractor exam""",Phrase,Security+ PBQ Practice,positive,rarely served,0,0,,,
Security+ SY0-701 · Exam prep · becertifiedtoday,58,"""security+ for government job""",Phrase,Security+ PBQ Practice,positive,rarely served,0,0,,,
Security+ SY0-701 · Exam prep · becertifiedtoday,59,"""security+ clearance certification""",Phrase,Security+ PBQ Practice,positive,rarely served,0,0,,,
Security+ SY0-701 · Exam prep · becertifiedtoday,60,"""security+ contractor certification""",Phrase,Security+ PBQ Practice,positive,rarely served,0,0,,,
Security+ SY0-701 · Exam prep · becertifiedtoday,61,"""security+ exam prep online""",Phrase,Security+ PBQ Practice,positive,rarely served,0,0,,,
Security+ SY0-701 · Exam prep · becertifiedtoday,62,"""sy0-701 prep""",Phrase,Security+ PBQ Practice,positive,Eligible,0,0,,,
Security+ SY0-701 · Exam prep · becertifiedtoday,63,"""security+ study prep online""",Phrase,Security+ PBQ Practice,positive,rarely served,0,0,,,
Security+ SY0-701 · Exam prep · becertifiedtoday,64,"""security+ practice portal""",Phrase,Security+ PBQ Practice,positive,rarely served,0,0,,,
Security+ SY0-701 · Exam prep · becertifiedtoday,,"""35 minute free""",Phrase,,negative_campaign,live,,,,,
Security+ SY0-701 · Exam prep · becertifiedtoday,,bootcamp,Broad,,negative_campaign,live,,,,,
Security+ SY0-701 · Exam prep · becertifiedtoday,,boson,Broad,,negative_campaign,live,,,,,
Security+ SY0-701 · Exam prep · becertifiedtoday,,"""brain dump""",Phrase,,negative_campaign,live,,,,,
Security+ SY0-701 · Exam prep · becertifiedtoday,,ccna,Broad,,negative_campaign,live,,,,,
Security+ SY0-701 · Exam prep · becertifiedtoday,,"""ccna 200-301""",Phrase,,negative_campaign,live,,,,,
Security+ SY0-701 · Exam prep · becertifiedtoday,,"""ccnp encor""",Phrase,,negative_campaign,live,,,,,
Security+ SY0-701 · Exam prep · becertifiedtoday,,ceh,Broad,,negative_campaign,live,,,,,
Security+ SY0-701 · Exam prep · becertifiedtoday,,cissp,Broad,,negative_campaign,live,,,,,
Security+ SY0-701 · Exam prep · becertifiedtoday,,"""comptia security+ question bank""",Phrase,,negative_campaign,live,,,,,
Security+ SY0-701 · Exam prep · becertifiedtoday,,"""comptia sec+ practice exam""",Phrase,,negative_campaign,pending,,,,,
Security+ SY0-701 · Exam prep · becertifiedtoday,,"""comptia sec+ practice test""",Phrase,,negative_campaign,pending,,,,,
Security+ SY0-701 · Exam prep · becertifiedtoday,,"""comptia security+ practice exam""",Phrase,,negative_campaign,pending,,,,,
Security+ SY0-701 · Exam prep · becertifiedtoday,,"""comptia security+ practice questions""",Phrase,,negative_campaign,pending,,,,,
Security+ SY0-701 · Exam prep · becertifiedtoday,,"""comptia security+ practice test""",Phrase,,negative_campaign,pending,,,,,
Security+ SY0-701 · Exam prep · becertifiedtoday,,coursera,Broad,,negative_campaign,live,,,,,
Security+ SY0-701 · Exam prep · becertifiedtoday,,"""dion training""",Phrase,,negative_campaign,live,,,,,
Security+ SY0-701 · Exam prep · becertifiedtoday,,"""exam content""",Phrase,,negative_campaign,live,,,,,
Security+ SY0-701 · Exam prep · becertifiedtoday,,"""exam dump""",Phrase,,negative_campaign,live,,,,,
Security+ SY0-701 · Exam prep · becertifiedtoday,,"""exam questions and answers""",Phrase,,negative_campaign,pending,,,,,
Security+ SY0-701 · Exam prep · becertifiedtoday,,examtopics,Broad,,negative_campaign,live,,,,,
Security+ SY0-701 · Exam prep · becertifiedtoday,,free,Broad,,negative_campaign,live,,,,,
Security+ SY0-701 · Exam prep · becertifiedtoday,,[security+ practice exam],Exact,,negative_campaign,pending,,,,,
Security+ SY0-701 · Exam prep · becertifiedtoday,,"""free course""",Phrase,,negative_campaign,live,,,,,
Security+ SY0-701 · Exam prep · becertifiedtoday,,"""free download""",Phrase,,negative_campaign,live,,,,,
Security+ SY0-701 · Exam prep · becertifiedtoday,,"""free dump""",Phrase,,negative_campaign,live,,,,,
Security+ SY0-701 · Exam prep · becertifiedtoday,,"""free pbq""",Phrase,,negative_campaign,live,,,,,
Security+ SY0-701 · Exam prep · becertifiedtoday,,"""free practice""",Phrase,,negative_campaign,live,,,,,
Security+ SY0-701 · Exam prep · becertifiedtoday,,"""free practice test""",Phrase,,negative_campaign,live,,,,,
Security+ SY0-701 · Exam prep · becertifiedtoday,,"""free questions""",Phrase,,negative_campaign,live,,,,,
Security+ SY0-701 · Exam prep · becertifiedtoday,,"""free simulation""",Phrase,,negative_campaign,live,,,,,
Security+ SY0-701 · Exam prep · becertifiedtoday,,"""free timed""",Phrase,,negative_campaign,live,,,,,
Security+ SY0-701 · Exam prep · becertifiedtoday,,"""free timed sample""",Phrase,,negative_campaign,live,,,,,
Security+ SY0-701 · Exam prep · becertifiedtoday,,"""free timed simulation""",Phrase,,negative_campaign,live,,,,,
Security+ SY0-701 · Exam prep · becertifiedtoday,,"""guaranteed pass""",Phrase,,negative_campaign,live,,,,,
Security+ SY0-701 · Exam prep · becertifiedtoday,,"""instructor led""",Phrase,,negative_campaign,live,,,,,
Security+ SY0-701 · Exam prep · becertifiedtoday,,"""jason dion""",Phrase,,negative_campaign,pending,,,,,
Security+ SY0-701 · Exam prep · becertifiedtoday,,jobs,Broad,,negative_campaign,live,,,,,
Security+ SY0-701 · Exam prep · becertifiedtoday,,"""latest sy0-701 questions""",Phrase,,negative_campaign,live,,,,,
Security+ SY0-701 · Exam prep · becertifiedtoday,,"""pass guarantee""",Phrase,,negative_campaign,live,,,,,
Security+ SY0-701 · Exam prep · becertifiedtoday,,"""pass4sure""",Phrase,,negative_campaign,pending,,,,,
Security+ SY0-701 · Exam prep · becertifiedtoday,,"""pdf download""",Phrase,,negative_campaign,live,,,,,
Security+ SY0-701 · Exam prep · becertifiedtoday,,"""pen test+""",Phrase,,negative_campaign,live,,,,,
Security+ SY0-701 · Exam prep · becertifiedtoday,,"""professor messer""",Phrase,,negative_campaign,live,,,,,
Security+ SY0-701 · Exam prep · becertifiedtoday,,"""sec+ practice test""",Phrase,,negative_campaign,pending,,,,,
Security+ SY0-701 · Exam prep · becertifiedtoday,,salary,Broad,,negative_campaign,live,,,,,
Security+ SY0-701 · Exam prep · becertifiedtoday,,"""security+ 1000 questions""",Phrase,,negative_campaign,live,,,,,
Security+ SY0-701 · Exam prep · becertifiedtoday,,"""security+ 1000+ questions""",Phrase,,negative_campaign,live,,,,,
Security+ SY0-701 · Exam prep · becertifiedtoday,,"""security+ jobs""",Phrase,,negative_campaign,live,,,,,
Security+ SY0-701 · Exam prep · becertifiedtoday,,"""security+ practice questions""",Phrase,,negative_campaign,pending,,,,,
Security+ SY0-701 · Exam prep · becertifiedtoday,,"""security+ question bank""",Phrase,,negative_campaign,live,,,,,
Security+ SY0-701 · Exam prep · becertifiedtoday,,"""security+ salary""",Phrase,,negative_campaign,live,,,,,
Security+ SY0-701 · Exam prep · becertifiedtoday,,"""security+ training""",Phrase,,negative_campaign,live,,,,,
Security+ SY0-701 · Exam prep · becertifiedtoday,,"""sy0-701 practice questions""",Phrase,,negative_campaign,pending,,,,,
Security+ SY0-701 · Exam prep · becertifiedtoday,,"""sy0-701 v5.0 question bank""",Phrase,,negative_campaign,live,,,,,
Security+ SY0-701 · Exam prep · becertifiedtoday,,"""sy0 701 pdf""",Phrase,,negative_campaign,pending,,,,,
Security+ SY0-701 · Exam prep · becertifiedtoday,,"""training course""",Phrase,,negative_campaign,live,,,,,
Security+ SY0-701 · Exam prep · becertifiedtoday,,udemy,Broad,,negative_campaign,live,,,,,
Security+ SY0-701 · Exam prep · becertifiedtoday,,"""unauthorized exam content""",Phrase,,negative_campaign,live,,,,,
Security+ SY0-701 · Exam prep · becertifiedtoday,,bootcamp,Broad,Security+ PBQ Practice,negative_adgroup,live,,,,,
Security+ SY0-701 · Exam prep · becertifiedtoday,,braindump,Broad,Security+ PBQ Practice,negative_adgroup,live,,,,,
Security+ SY0-701 · Exam prep · becertifiedtoday,,dump,Broad,Security+ PBQ Practice,negative_adgroup,live,,,,,
Security+ SY0-701 · Exam prep · becertifiedtoday,,free,Broad,Security+ PBQ Practice,negative_adgroup,live,,,,,
Security+ SY0-701 · Exam prep · becertifiedtoday,,free course,Broad,Security+ PBQ Practice,negative_adgroup,live,,,,,
Security+ SY0-701 · Exam prep · becertifiedtoday,,pdf download,Broad,Security+ PBQ Practice,negative_adgroup,live,,,,,
Security+ SY0-701 · Exam prep · becertifiedtoday,,"""security+ flashcards""",Phrase,Security+ PBQ Practice,negative_adgroup,live,,,,,
Security+ SY0-701 · Exam prep · becertifiedtoday,,"""security+ practice test""",Phrase,Security+ PBQ Practice,negative_adgroup,live,,,,,
Security+ SY0-701 · Core Exam Prep · US,101,[security+ mock exam online],Exact,SY0-701 Exam Prep,positive,planned,,,,,
Security+ SY0-701 · Core Exam Prep · US,102,"""security+ browser exam simulator""",Phrase,SY0-701 Exam Prep,positive,planned,,,,,
Security+ SY0-701 · Core Exam Prep · US,103,"""security+ online exam simulator""",Phrase,SY0-701 Exam Prep,positive,planned,,,,,
Security+ SY0-701 · Core Exam Prep · US,104,"""security+ adaptive review""",Phrase,SY0-701 Exam Prep,positive,planned,,,,,
Security+ SY0-701 · Core Exam Prep · US,105,"""security+ scorecard review""",Phrase,SY0-701 Exam Prep,positive,planned,,,,,
Security+ SY0-701 · Core Exam Prep · US,106,"""security+ readiness check""",Phrase,SY0-701 Exam Prep,positive,planned,,,,,
Security+ SY0-701 · Core Exam Prep · US,107,"""security+ last minute exam prep""",Phrase,SY0-701 Exam Prep,positive,planned,,,,,
Security+ SY0-701 · Core Exam Prep · US,108,"""security+ after course practice""",Phrase,SY0-701 Exam Prep,positive,planned,,,,,
Security+ SY0-701 · Core Exam Prep · US,109,"""security+ not a pdf""",Phrase,SY0-701 Exam Prep,positive,planned,,,,,
Security+ SY0-701 · Core Exam Prep · US,110,"""security+ no download practice""",Phrase,SY0-701 Exam Prep,positive,planned,,,,,
Security+ SY0-701 · Core Exam Prep · US,111,"""sy0-701 objective based prep""",Phrase,SY0-701 Exam Prep,positive,planned,,,,,
Security+ SY0-701 · Core Exam Prep · US,112,"""sy0-701 timed mock exam""",Phrase,SY0-701 Exam Prep,positive,planned,,,,,
Security+ SY0-701 · Military Gov 8140 · US,101,"""security+ 8140 baseline certification""",Phrase,Security+ 8140 Prep,positive,planned,,,,,
Security+ SY0-701 · Military Gov 8140 · US,102,"""dod 8140 security+ exam prep""",Phrase,Security+ 8140 Prep,positive,planned,,,,,
Security+ SY0-701 · Military Gov 8140 · US,103,"""security+ federal employee""",Phrase,Security+ 8140 Prep,positive,planned,,,,,
Security+ SY0-701 · Military Gov 8140 · US,104,"""security+ contractor required""",Phrase,Security+ 8140 Prep,positive,planned,,,,,
Security+ SY0-701 · Military Gov 8140 · US,105,"""security+ dod contractor required""",Phrase,Security+ 8140 Prep,positive,planned,,,,,
Security+ SY0-701 · Military Gov 8140 · US,106,"""security+ government employee cert""",Phrase,Security+ 8140 Prep,positive,planned,,,,,
Security+ SY0-701 · Military Gov 8140 · US,107,"""security+ return to office""",Phrase,Security+ 8140 Prep,positive,planned,,,,,
Security+ SY0-701 · Military Gov 8140 · US,108,"""security+ for federal employees""",Phrase,Security+ 8140 Prep,positive,planned,,,,,
Security+ SY0-701 · Military Gov 8140 · US,109,"""security+ for dod contractors""",Phrase,Security+ 8140 Prep,positive,planned,,,,,
Security+ SY0-701 · Military Gov 8140 · US,110,"""security+ baseline certification""",Phrase,Security+ 8140 Prep,positive,planned,,,,,
Security+ SY0-701 · Student Workforce · US,101,"""security+ required for college""",Phrase,Security+ Career Prep,positive,planned,,,,,
Security+ SY0-701 · Student Workforce · US,102,"""security+ for cybersecurity students""",Phrase,Security+ Career Prep,positive,planned,,,,,
Security+ SY0-701 · Student Workforce · US,103,"""security+ for it students""",Phrase,Security+ Career Prep,positive,planned,,,,,
Security+ SY0-701 · Student Workforce · US,104,"""security+ educator prep""",Phrase,Security+ Career Prep,positive,planned,,,,,
Security+ SY0-701 · Student Workforce · US,105,"""security+ veterans cyber jobs""",Phrase,Security+ Career Prep,positive,planned,,,,,
Security+ SY0-701 · Student Workforce · US,106,"""security+ workforce development""",Phrase,Security+ Career Prep,positive,planned,,,,,
Security+ SY0-701 · Student Workforce · US,107,"""security+ job placement cyber""",Phrase,Security+ Career Prep,positive,planned,,,,,
Security+ SY0-701 · Student Workforce · US,108,"""security+ career readiness cyber""",Phrase,Security+ Career Prep,positive,planned,,,,,
Security+ Three Campaigns,,"""in person""",Phrase,,negative_campaign,planned,,,,,
Security+ Three Campaigns,,"""live class""",Phrase,,negative_campaign,planned,,,,,
Security+ Three Campaigns,,"""online course""",Phrase,,negative_campaign,planned,,,,,
Security+ Three Campaigns,,"""video course""",Phrase,,negative_campaign,planned,,,,,
Security+ Three Campaigns,,"""course coupon""",Phrase,,negative_campaign,planned,,,,,
Security+ Three Campaigns,,"""coupon code""",Phrase,,negative_campaign,planned,,,,,
Security+ Three Campaigns,,"""discount code""",Phrase,,negative_campaign,planned,,,,,
Security+ Three Campaigns,,"""exam voucher""",Phrase,,negative_campaign,planned,,,,,
Security+ Three Campaigns,,voucher,Broad,,negative_campaign,planned,,,,,
Security+ Three Campaigns,,certmaster,Broad,,negative_campaign,planned,,,,,
Security+ Three Campaigns,,measureup,Broad,,negative_campaign,planned,,,,,
Security+ Three Campaigns,,testout,Broad,,negative_campaign,planned,,,,,
Security+ Three Campaigns,,skillsoft,Broad,,negative_campaign,planned,,,,,
Security+ Three Campaigns,,"""pluralsight""",Phrase,,negative_campaign,planned,,,,,
Security+ Three Campaigns,,"""linkedin learning""",Phrase,,negative_campaign,planned,,,,,
Security+ Three Campaigns,,braindump,Broad,,negative_campaign,planned,,,,,
Security+ Three Campaigns,,dumps,Broad,,negative_campaign,planned,,,,,
Security+ Three Campaigns,,"""test dump""",Phrase,,negative_campaign,planned,,,,,
Security+ Three Campaigns,,"""exam answers""",Phrase,,negative_campaign,planned,,,,,
Security+ Three Campaigns,,"""answer key""",Phrase,,negative_campaign,planned,,,,,
Security+ Three Campaigns,,pdf,Broad,,negative_campaign,planned,,,,,
Security+ Three Campaigns,,ebook,Broad,,negative_campaign,planned,,,,,
Security+ Three Campaigns,,book,Broad,,negative_campaign,planned,,,,,
Security+ Three Campaigns,,"""study guide pdf""",Phrase,,negative_campaign,planned,,,,,
Security+ Three Campaigns,,torrent,Broad,,negative_campaign,planned,,,,,
Security+ Three Campaigns,,vce,Broad,,negative_campaign,planned,,,,,
Security+ Three Campaigns,,ete,Broad,,negative_campaign,planned,,,,,
Security+ Three Campaigns,,vumingo,Broad,,negative_campaign,planned,,,,,
Security+ Three Campaigns,,avanset,Broad,,negative_campaign,planned,,,,,
Security+ Three Campaigns,,quizlet,Broad,,negative_campaign,planned,,,,,
Security+ Three Campaigns,,flashcards,Broad,,negative_campaign,planned,,,,,
