Campaign,Ad group,Rank,Keyword,Match type,Level,Status,Notes
Paint Reproductions · US Search,Brand,1,(paint reproductions),Exact,positive,planned,
Paint Reproductions · US Search,Brand,2,"""paint reproductions""",Phrase,positive,planned,
Paint Reproductions · US Search,Brand,3,paint reproductions,Broad,positive,planned,
Paint Reproductions · US Search,Brand,4,(paintreproductions),Exact,positive,planned,
Paint Reproductions · US Search,Brand,5,"""paintreproductions""",Phrase,positive,planned,
Paint Reproductions · US Search,Brand,6,paintreproductions,Broad,positive,planned,
Paint Reproductions · US Search,Brand,7,(paintreproductions.com),Exact,positive,planned,
Paint Reproductions · US Search,Brand,8,"""paintreproductions.com""",Phrase,positive,planned,
Paint Reproductions · US Search,Brand,9,paintreproductions.com,Broad,positive,planned,
Paint Reproductions · US Search,Brand,10,(george werbacher painting),Exact,positive,planned,
Paint Reproductions · US Search,Brand,11,"""george werbacher painting""",Phrase,positive,planned,
Paint Reproductions · US Search,Brand,12,george werbacher painting,Broad,positive,planned,
Paint Reproductions · US Search,Core Master Copy,13,(master copy oil painting),Exact,positive,planned,
Paint Reproductions · US Search,Core Master Copy,14,"""master copy oil painting""",Phrase,positive,planned,
Paint Reproductions · US Search,Core Master Copy,15,master copy oil painting,Broad,positive,planned,
Paint Reproductions · US Search,Core Master Copy,16,(oil painting reproduction),Exact,positive,planned,
Paint Reproductions · US Search,Core Master Copy,17,"""oil painting reproduction""",Phrase,positive,planned,
Paint Reproductions · US Search,Core Master Copy,18,oil painting reproduction,Broad,positive,planned,
Paint Reproductions · US Search,Core Master Copy,19,(copying old masters),Exact,positive,planned,
Paint Reproductions · US Search,Core Master Copy,20,"""copying old masters""",Phrase,positive,planned,
Paint Reproductions · US Search,Core Master Copy,21,copying old masters,Broad,positive,planned,
Paint Reproductions · US Search,Core Master Copy,22,(master study oil painting),Exact,positive,planned,
Paint Reproductions · US Search,Core Master Copy,23,"""master study oil painting""",Phrase,positive,planned,
Paint Reproductions · US Search,Core Master Copy,24,master study oil painting,Broad,positive,planned,
Paint Reproductions · US Search,Core Master Copy,25,(historical painting reproduction),Exact,positive,planned,
Paint Reproductions · US Search,Core Master Copy,26,"""historical painting reproduction""",Phrase,positive,planned,
Paint Reproductions · US Search,Core Master Copy,27,historical painting reproduction,Broad,positive,planned,
Paint Reproductions · US Search,Core Master Copy,28,(artwork reproductions),Exact,positive,planned,
Paint Reproductions · US Search,Core Master Copy,29,"""artwork reproductions""",Phrase,positive,planned,
Paint Reproductions · US Search,Core Master Copy,30,artwork reproductions,Broad,positive,planned,
Paint Reproductions · US Search,Core Master Copy,31,(classic reproduction painting),Exact,positive,planned,
Paint Reproductions · US Search,Core Master Copy,32,"""classic reproduction painting""",Phrase,positive,planned,
Paint Reproductions · US Search,Core Master Copy,33,classic reproduction painting,Broad,positive,planned,
Paint Reproductions · US Search,Core Master Copy,34,(artistic reproduction),Exact,positive,planned,
Paint Reproductions · US Search,Core Master Copy,35,"""artistic reproduction""",Phrase,positive,planned,
Paint Reproductions · US Search,Core Master Copy,36,artistic reproduction,Broad,positive,planned,
Paint Reproductions · US Search,Core Master Copy,37,(copying masters painting),Exact,positive,planned,
Paint Reproductions · US Search,Core Master Copy,38,"""copying masters painting""",Phrase,positive,planned,
Paint Reproductions · US Search,Core Master Copy,39,copying masters painting,Broad,positive,planned,
Paint Reproductions · US Search,Core Master Copy,40,(old master painting reproduction),Exact,positive,planned,
Paint Reproductions · US Search,Core Master Copy,41,"""old master painting reproduction""",Phrase,positive,planned,
Paint Reproductions · US Search,Core Master Copy,42,old master painting reproduction,Broad,positive,planned,
Paint Reproductions · US Search,Core Master Copy,43,(how to do a master copy painting),Exact,positive,planned,
Paint Reproductions · US Search,Core Master Copy,44,"""how to do a master copy painting""",Phrase,positive,planned,
Paint Reproductions · US Search,Core Master Copy,45,how to do a master copy painting,Broad,positive,planned,
Paint Reproductions · US Search,Core Master Copy,46,(master copy painting tutorial),Exact,positive,planned,
Paint Reproductions · US Search,Core Master Copy,47,"""master copy painting tutorial""",Phrase,positive,planned,
Paint Reproductions · US Search,Core Master Copy,48,master copy painting tutorial,Broad,positive,planned,
Paint Reproductions · US Search,Core Master Copy,49,(reproduce a famous painting),Exact,positive,planned,
Paint Reproductions · US Search,Core Master Copy,50,"""reproduce a famous painting""",Phrase,positive,planned,
Paint Reproductions · US Search,Core Master Copy,51,reproduce a famous painting,Broad,positive,planned,
Paint Reproductions · US Search,Core Master Copy,52,(old master painting secrets),Exact,positive,planned,
Paint Reproductions · US Search,Core Master Copy,53,"""old master painting secrets""",Phrase,positive,planned,
Paint Reproductions · US Search,Core Master Copy,54,old master painting secrets,Broad,positive,planned,
Paint Reproductions · US Search,Core Master Copy,55,(masters painting techniques),Exact,positive,planned,
Paint Reproductions · US Search,Core Master Copy,56,"""masters painting techniques""",Phrase,positive,planned,
Paint Reproductions · US Search,Core Master Copy,57,masters painting techniques,Broad,positive,planned,
Paint Reproductions · US Search,Oil Painting General,58,(oil painting tutorial),Exact,positive,planned,
Paint Reproductions · US Search,Oil Painting General,59,"""oil painting tutorial""",Phrase,positive,planned,
Paint Reproductions · US Search,Oil Painting General,60,oil painting tutorial,Broad,positive,planned,
Paint Reproductions · US Search,Oil Painting General,61,(oil painting techniques),Exact,positive,planned,
Paint Reproductions · US Search,Oil Painting General,62,"""oil painting techniques""",Phrase,positive,planned,
Paint Reproductions · US Search,Oil Painting General,63,oil painting techniques,Broad,positive,planned,
Paint Reproductions · US Search,Oil Painting General,64,(how to paint in oils),Exact,positive,planned,
Paint Reproductions · US Search,Oil Painting General,65,"""how to paint in oils""",Phrase,positive,planned,
Paint Reproductions · US Search,Oil Painting General,66,how to paint in oils,Broad,positive,planned,
Paint Reproductions · US Search,Oil Painting General,67,(classic oil painting),Exact,positive,planned,
Paint Reproductions · US Search,Oil Painting General,68,"""classic oil painting""",Phrase,positive,planned,
Paint Reproductions · US Search,Oil Painting General,69,classic oil painting,Broad,positive,planned,
Paint Reproductions · US Search,Oil Painting General,70,(professional oil painting techniques),Exact,positive,planned,
Paint Reproductions · US Search,Oil Painting General,71,"""professional oil painting techniques""",Phrase,positive,planned,
Paint Reproductions · US Search,Oil Painting General,72,professional oil painting techniques,Broad,positive,planned,
Paint Reproductions · US Search,Oil Painting General,73,(classical oil painting tutorial),Exact,positive,planned,
Paint Reproductions · US Search,Oil Painting General,74,"""classical oil painting tutorial""",Phrase,positive,planned,
Paint Reproductions · US Search,Oil Painting General,75,classical oil painting tutorial,Broad,positive,planned,
Paint Reproductions · US Search,Oil Painting General,76,(classical realism oil painting),Exact,positive,planned,
Paint Reproductions · US Search,Oil Painting General,77,"""classical realism oil painting""",Phrase,positive,planned,
Paint Reproductions · US Search,Oil Painting General,78,classical realism oil painting,Broad,positive,planned,
Paint Reproductions · US Search,Oil Painting General,79,(fine art painting tutorial),Exact,positive,planned,
Paint Reproductions · US Search,Oil Painting General,80,"""fine art painting tutorial""",Phrase,positive,planned,
Paint Reproductions · US Search,Oil Painting General,81,fine art painting tutorial,Broad,positive,planned,
Paint Reproductions · US Search,Oil Painting General,82,(professional art tutorial),Exact,positive,planned,
Paint Reproductions · US Search,Oil Painting General,83,"""professional art tutorial""",Phrase,positive,planned,
Paint Reproductions · US Search,Oil Painting General,84,professional art tutorial,Broad,positive,planned,
Paint Reproductions · US Search,Oil Painting General,85,(painting masterclass),Exact,positive,planned,
Paint Reproductions · US Search,Oil Painting General,86,"""painting masterclass""",Phrase,positive,planned,
Paint Reproductions · US Search,Oil Painting General,87,painting masterclass,Broad,positive,planned,
Paint Reproductions · US Search,Oil Painting General,88,(oil painting tutorial step by step),Exact,positive,planned,
Paint Reproductions · US Search,Oil Painting General,89,"""oil painting tutorial step by step""",Phrase,positive,planned,
Paint Reproductions · US Search,Oil Painting General,90,oil painting tutorial step by step,Broad,positive,planned,
Paint Reproductions · US Search,Oil Painting General,91,(oil painting techniques explained),Exact,positive,planned,
Paint Reproductions · US Search,Oil Painting General,92,"""oil painting techniques explained""",Phrase,positive,planned,
Paint Reproductions · US Search,Oil Painting General,93,oil painting techniques explained,Broad,positive,planned,
Paint Reproductions · US Search,Oil Painting General,94,(step by step oil painting),Exact,positive,planned,
Paint Reproductions · US Search,Oil Painting General,95,"""step by step oil painting""",Phrase,positive,planned,
Paint Reproductions · US Search,Oil Painting General,96,step by step oil painting,Broad,positive,planned,
Paint Reproductions · US Search,Oil Painting General,97,(step-by-step painting guide),Exact,positive,planned,
Paint Reproductions · US Search,Oil Painting General,98,"""step-by-step painting guide""",Phrase,positive,planned,
Paint Reproductions · US Search,Oil Painting General,99,step-by-step painting guide,Broad,positive,planned,
Paint Reproductions · US Search,Oil Painting General,100,(oil painting process and techniques),Exact,positive,planned,
Paint Reproductions · US Search,Oil Painting General,101,"""oil painting process and techniques""",Phrase,positive,planned,
Paint Reproductions · US Search,Oil Painting General,102,oil painting process and techniques,Broad,positive,planned,
Paint Reproductions · US Search,Oil Painting General,103,(classic oil painting methods),Exact,positive,planned,
Paint Reproductions · US Search,Oil Painting General,104,"""classic oil painting methods""",Phrase,positive,planned,
Paint Reproductions · US Search,Oil Painting General,105,classic oil painting methods,Broad,positive,planned,
Paint Reproductions · US Search,Oil Painting General,106,(pro painting techniques),Exact,positive,planned,
Paint Reproductions · US Search,Oil Painting General,107,"""pro painting techniques""",Phrase,positive,planned,
Paint Reproductions · US Search,Oil Painting General,108,pro painting techniques,Broad,positive,planned,
Paint Reproductions · US Search,Oil Painting General,109,(art techniques for professionals),Exact,positive,planned,
Paint Reproductions · US Search,Oil Painting General,110,"""art techniques for professionals""",Phrase,positive,planned,
Paint Reproductions · US Search,Oil Painting General,111,art techniques for professionals,Broad,positive,planned,
Paint Reproductions · US Search,Oil Painting General,112,(brushwork techniques in oil painting),Exact,positive,planned,
Paint Reproductions · US Search,Oil Painting General,113,"""brushwork techniques in oil painting""",Phrase,positive,planned,
Paint Reproductions · US Search,Oil Painting General,114,brushwork techniques in oil painting,Broad,positive,planned,
Paint Reproductions · US Search,Free / Online Learning,115,(free oil painting lessons),Exact,positive,planned,
Paint Reproductions · US Search,Free / Online Learning,116,"""free oil painting lessons""",Phrase,positive,planned,
Paint Reproductions · US Search,Free / Online Learning,117,free oil painting lessons,Broad,positive,planned,
Paint Reproductions · US Search,Free / Online Learning,118,(free online art classes),Exact,positive,planned,
Paint Reproductions · US Search,Free / Online Learning,119,"""free online art classes""",Phrase,positive,planned,
Paint Reproductions · US Search,Free / Online Learning,120,free online art classes,Broad,positive,planned,
Paint Reproductions · US Search,Free / Online Learning,121,(oil painting online classes),Exact,positive,planned,
Paint Reproductions · US Search,Free / Online Learning,122,"""oil painting online classes""",Phrase,positive,planned,
Paint Reproductions · US Search,Free / Online Learning,123,oil painting online classes,Broad,positive,planned,
Paint Reproductions · US Search,Free / Online Learning,124,(oil painting classes),Exact,positive,planned,
Paint Reproductions · US Search,Free / Online Learning,125,"""oil painting classes""",Phrase,positive,planned,
Paint Reproductions · US Search,Free / Online Learning,126,oil painting classes,Broad,positive,planned,
Paint Reproductions · US Search,Free / Online Learning,127,(oil painting lessons),Exact,positive,planned,
Paint Reproductions · US Search,Free / Online Learning,128,"""oil painting lessons""",Phrase,positive,planned,
Paint Reproductions · US Search,Free / Online Learning,129,oil painting lessons,Broad,positive,planned,
Paint Reproductions · US Search,Free / Online Learning,130,(art lessons online),Exact,positive,planned,
Paint Reproductions · US Search,Free / Online Learning,131,"""art lessons online""",Phrase,positive,planned,
Paint Reproductions · US Search,Free / Online Learning,132,art lessons online,Broad,positive,planned,
Paint Reproductions · US Search,Free / Online Learning,133,(painting tutorial),Exact,positive,planned,
Paint Reproductions · US Search,Free / Online Learning,134,"""painting tutorial""",Phrase,positive,planned,
Paint Reproductions · US Search,Free / Online Learning,135,painting tutorial,Broad,positive,planned,
Paint Reproductions · US Search,Free / Online Learning,136,(step by step art lesson),Exact,positive,planned,
Paint Reproductions · US Search,Free / Online Learning,137,"""step by step art lesson""",Phrase,positive,planned,
Paint Reproductions · US Search,Free / Online Learning,138,step by step art lesson,Broad,positive,planned,
Paint Reproductions · US Search,Free / Online Learning,139,(art tutorial for beginners),Exact,positive,planned,
Paint Reproductions · US Search,Free / Online Learning,140,"""art tutorial for beginners""",Phrase,positive,planned,
Paint Reproductions · US Search,Free / Online Learning,141,art tutorial for beginners,Broad,positive,planned,
Paint Reproductions · US Search,Free / Online Learning,142,(oil painting techniques for beginners),Exact,positive,planned,
Paint Reproductions · US Search,Free / Online Learning,143,"""oil painting techniques for beginners""",Phrase,positive,planned,
Paint Reproductions · US Search,Free / Online Learning,144,oil painting techniques for beginners,Broad,positive,planned,
Paint Reproductions · US Search,Free / Online Learning,145,(oil painting tutorial for beginners),Exact,positive,planned,
Paint Reproductions · US Search,Free / Online Learning,146,"""oil painting tutorial for beginners""",Phrase,positive,planned,
Paint Reproductions · US Search,Free / Online Learning,147,oil painting tutorial for beginners,Broad,positive,planned,
Paint Reproductions · US Search,Free / Online Learning,148,(learn oil painting online free),Exact,positive,planned,
Paint Reproductions · US Search,Free / Online Learning,149,"""learn oil painting online free""",Phrase,positive,planned,
Paint Reproductions · US Search,Free / Online Learning,150,learn oil painting online free,Broad,positive,planned,
Paint Reproductions · US Search,Free / Online Learning,151,(online oil painting course free),Exact,positive,planned,
Paint Reproductions · US Search,Free / Online Learning,152,"""online oil painting course free""",Phrase,positive,planned,
Paint Reproductions · US Search,Free / Online Learning,153,online oil painting course free,Broad,positive,planned,
Paint Reproductions · US Search,Free / Online Learning,154,(step-by-step painting tutorials),Exact,positive,planned,
Paint Reproductions · US Search,Free / Online Learning,155,"""step-by-step painting tutorials""",Phrase,positive,planned,
Paint Reproductions · US Search,Free / Online Learning,156,step-by-step painting tutorials,Broad,positive,planned,
Paint Reproductions · US Search,Free / Online Learning,157,(pro painting free classes),Exact,positive,planned,
Paint Reproductions · US Search,Free / Online Learning,158,"""pro painting free classes""",Phrase,positive,planned,
Paint Reproductions · US Search,Free / Online Learning,159,pro painting free classes,Broad,positive,planned,
Paint Reproductions · US Search,Techniques Grisaille Glazing,160,(grisaille painting),Exact,positive,planned,
Paint Reproductions · US Search,Techniques Grisaille Glazing,161,"""grisaille painting""",Phrase,positive,planned,
Paint Reproductions · US Search,Techniques Grisaille Glazing,162,grisaille painting,Broad,positive,planned,
Paint Reproductions · US Search,Techniques Grisaille Glazing,163,(grisaille techniques),Exact,positive,planned,
Paint Reproductions · US Search,Techniques Grisaille Glazing,164,"""grisaille techniques""",Phrase,positive,planned,
Paint Reproductions · US Search,Techniques Grisaille Glazing,165,grisaille techniques,Broad,positive,planned,
Paint Reproductions · US Search,Techniques Grisaille Glazing,166,(oil painting grisaille),Exact,positive,planned,
Paint Reproductions · US Search,Techniques Grisaille Glazing,167,"""oil painting grisaille""",Phrase,positive,planned,
Paint Reproductions · US Search,Techniques Grisaille Glazing,168,oil painting grisaille,Broad,positive,planned,
Paint Reproductions · US Search,Techniques Grisaille Glazing,169,(glazing oil paintings),Exact,positive,planned,
Paint Reproductions · US Search,Techniques Grisaille Glazing,170,"""glazing oil paintings""",Phrase,positive,planned,
Paint Reproductions · US Search,Techniques Grisaille Glazing,171,glazing oil paintings,Broad,positive,planned,
Paint Reproductions · US Search,Techniques Grisaille Glazing,172,(glazing and layering in oil painting),Exact,positive,planned,
Paint Reproductions · US Search,Techniques Grisaille Glazing,173,"""glazing and layering in oil painting""",Phrase,positive,planned,
Paint Reproductions · US Search,Techniques Grisaille Glazing,174,glazing and layering in oil painting,Broad,positive,planned,
Paint Reproductions · US Search,Techniques Grisaille Glazing,175,(underpainting tutorial),Exact,positive,planned,
Paint Reproductions · US Search,Techniques Grisaille Glazing,176,"""underpainting tutorial""",Phrase,positive,planned,
Paint Reproductions · US Search,Techniques Grisaille Glazing,177,underpainting tutorial,Broad,positive,planned,
Paint Reproductions · US Search,Techniques Grisaille Glazing,178,(blocking in oil painting),Exact,positive,planned,
Paint Reproductions · US Search,Techniques Grisaille Glazing,179,"""blocking in oil painting""",Phrase,positive,planned,
Paint Reproductions · US Search,Techniques Grisaille Glazing,180,blocking in oil painting,Broad,positive,planned,
Paint Reproductions · US Search,Techniques Grisaille Glazing,181,(layered oil painting),Exact,positive,planned,
Paint Reproductions · US Search,Techniques Grisaille Glazing,182,"""layered oil painting""",Phrase,positive,planned,
Paint Reproductions · US Search,Techniques Grisaille Glazing,183,layered oil painting,Broad,positive,planned,
Paint Reproductions · US Search,Techniques Grisaille Glazing,184,(limited palette oil painting),Exact,positive,planned,
Paint Reproductions · US Search,Techniques Grisaille Glazing,185,"""limited palette oil painting""",Phrase,positive,planned,
Paint Reproductions · US Search,Techniques Grisaille Glazing,186,limited palette oil painting,Broad,positive,planned,
Paint Reproductions · US Search,Techniques Grisaille Glazing,187,(scumbling oil paint),Exact,positive,planned,
Paint Reproductions · US Search,Techniques Grisaille Glazing,188,"""scumbling oil paint""",Phrase,positive,planned,
Paint Reproductions · US Search,Techniques Grisaille Glazing,189,scumbling oil paint,Broad,positive,planned,
Paint Reproductions · US Search,Techniques Grisaille Glazing,190,(grisaille painting tutorial),Exact,positive,planned,
Paint Reproductions · US Search,Techniques Grisaille Glazing,191,"""grisaille painting tutorial""",Phrase,positive,planned,
Paint Reproductions · US Search,Techniques Grisaille Glazing,192,grisaille painting tutorial,Broad,positive,planned,
Paint Reproductions · US Search,Techniques Grisaille Glazing,193,(oil glazing technique),Exact,positive,planned,
Paint Reproductions · US Search,Techniques Grisaille Glazing,194,"""oil glazing technique""",Phrase,positive,planned,
Paint Reproductions · US Search,Techniques Grisaille Glazing,195,oil glazing technique,Broad,positive,planned,
Paint Reproductions · US Search,Techniques Grisaille Glazing,196,(how to glaze oil painting),Exact,positive,planned,
Paint Reproductions · US Search,Techniques Grisaille Glazing,197,"""how to glaze oil painting""",Phrase,positive,planned,
Paint Reproductions · US Search,Techniques Grisaille Glazing,198,how to glaze oil painting,Broad,positive,planned,
Paint Reproductions · US Search,Techniques Grisaille Glazing,199,(glazing medium oil painting),Exact,positive,planned,
Paint Reproductions · US Search,Techniques Grisaille Glazing,200,"""glazing medium oil painting""",Phrase,positive,planned,
Paint Reproductions · US Search,Techniques Grisaille Glazing,201,glazing medium oil painting,Broad,positive,planned,
Paint Reproductions · US Search,Techniques Grisaille Glazing,202,(winsor newton glazing medium),Exact,positive,planned,
Paint Reproductions · US Search,Techniques Grisaille Glazing,203,"""winsor newton glazing medium""",Phrase,positive,planned,
Paint Reproductions · US Search,Techniques Grisaille Glazing,204,winsor newton glazing medium,Broad,positive,planned,
Paint Reproductions · US Search,Techniques Grisaille Glazing,205,(fat over lean oil painting),Exact,positive,planned,
Paint Reproductions · US Search,Techniques Grisaille Glazing,206,"""fat over lean oil painting""",Phrase,positive,planned,
Paint Reproductions · US Search,Techniques Grisaille Glazing,207,fat over lean oil painting,Broad,positive,planned,
Paint Reproductions · US Search,Techniques Grisaille Glazing,208,(imprimatura oil painting),Exact,positive,planned,
Paint Reproductions · US Search,Techniques Grisaille Glazing,209,"""imprimatura oil painting""",Phrase,positive,planned,
Paint Reproductions · US Search,Techniques Grisaille Glazing,210,imprimatura oil painting,Broad,positive,planned,
Paint Reproductions · US Search,Techniques Grisaille Glazing,211,(how to paint with a limited palette),Exact,positive,planned,
Paint Reproductions · US Search,Techniques Grisaille Glazing,212,"""how to paint with a limited palette""",Phrase,positive,planned,
Paint Reproductions · US Search,Techniques Grisaille Glazing,213,how to paint with a limited palette,Broad,positive,planned,
Paint Reproductions · US Search,Techniques Grisaille Glazing,214,(glazing oil painting),Exact,positive,planned,
Paint Reproductions · US Search,Techniques Grisaille Glazing,215,"""glazing oil painting""",Phrase,positive,planned,
Paint Reproductions · US Search,Techniques Grisaille Glazing,216,glazing oil painting,Broad,positive,planned,
Paint Reproductions · US Search,Techniques Flesh Color,217,(oil painting flesh tones),Exact,positive,planned,
Paint Reproductions · US Search,Techniques Flesh Color,218,"""oil painting flesh tones""",Phrase,positive,planned,
Paint Reproductions · US Search,Techniques Flesh Color,219,oil painting flesh tones,Broad,positive,planned,
Paint Reproductions · US Search,Techniques Flesh Color,220,(painting skin tones oil),Exact,positive,planned,
Paint Reproductions · US Search,Techniques Flesh Color,221,"""painting skin tones oil""",Phrase,positive,planned,
Paint Reproductions · US Search,Techniques Flesh Color,222,painting skin tones oil,Broad,positive,planned,
Paint Reproductions · US Search,Techniques Flesh Color,223,(how to paint flesh tones),Exact,positive,planned,
Paint Reproductions · US Search,Techniques Flesh Color,224,"""how to paint flesh tones""",Phrase,positive,planned,
Paint Reproductions · US Search,Techniques Flesh Color,225,how to paint flesh tones,Broad,positive,planned,
Paint Reproductions · US Search,Techniques Flesh Color,226,(portrait flesh tones oil),Exact,positive,planned,
Paint Reproductions · US Search,Techniques Flesh Color,227,"""portrait flesh tones oil""",Phrase,positive,planned,
Paint Reproductions · US Search,Techniques Flesh Color,228,portrait flesh tones oil,Broad,positive,planned,
Paint Reproductions · US Search,Techniques Flesh Color,229,(painting skin tones in oil),Exact,positive,planned,
Paint Reproductions · US Search,Techniques Flesh Color,230,"""painting skin tones in oil""",Phrase,positive,planned,
Paint Reproductions · US Search,Techniques Flesh Color,231,painting skin tones in oil,Broad,positive,planned,
Paint Reproductions · US Search,Techniques Flesh Color,232,(how to mix flesh tones oil paint),Exact,positive,planned,
Paint Reproductions · US Search,Techniques Flesh Color,233,"""how to mix flesh tones oil paint""",Phrase,positive,planned,
Paint Reproductions · US Search,Techniques Flesh Color,234,how to mix flesh tones oil paint,Broad,positive,planned,
Paint Reproductions · US Search,Techniques Flesh Color,235,(realistic skin tones oil painting),Exact,positive,planned,
Paint Reproductions · US Search,Techniques Flesh Color,236,"""realistic skin tones oil painting""",Phrase,positive,planned,
Paint Reproductions · US Search,Techniques Flesh Color,237,realistic skin tones oil painting,Broad,positive,planned,
Paint Reproductions · US Search,Tools Color Checker,238,(color checker painting),Exact,positive,planned,
Paint Reproductions · US Search,Tools Color Checker,239,"""color checker painting""",Phrase,positive,planned,
Paint Reproductions · US Search,Tools Color Checker,240,color checker painting,Broad,positive,planned,
Paint Reproductions · US Search,Tools Color Checker,241,(build a color checker),Exact,positive,planned,
Paint Reproductions · US Search,Tools Color Checker,242,"""build a color checker""",Phrase,positive,planned,
Paint Reproductions · US Search,Tools Color Checker,243,build a color checker,Broad,positive,planned,
Paint Reproductions · US Search,Tools Color Checker,244,(proportional divider art),Exact,positive,planned,
Paint Reproductions · US Search,Tools Color Checker,245,"""proportional divider art""",Phrase,positive,planned,
Paint Reproductions · US Search,Tools Color Checker,246,proportional divider art,Broad,positive,planned,
Paint Reproductions · US Search,Tools Color Checker,247,(proportional divider painting),Exact,positive,planned,
Paint Reproductions · US Search,Tools Color Checker,248,"""proportional divider painting""",Phrase,positive,planned,
Paint Reproductions · US Search,Tools Color Checker,249,proportional divider painting,Broad,positive,planned,
Paint Reproductions · US Search,Tools Color Checker,250,(transfer image to canvas),Exact,positive,planned,
Paint Reproductions · US Search,Tools Color Checker,251,"""transfer image to canvas""",Phrase,positive,planned,
Paint Reproductions · US Search,Tools Color Checker,252,transfer image to canvas,Broad,positive,planned,
Paint Reproductions · US Search,Tools Color Checker,253,(canvas preparation gesso),Exact,positive,planned,
Paint Reproductions · US Search,Tools Color Checker,254,"""canvas preparation gesso""",Phrase,positive,planned,
Paint Reproductions · US Search,Tools Color Checker,255,canvas preparation gesso,Broad,positive,planned,
Paint Reproductions · US Search,Tools Color Checker,256,(color checker for painting),Exact,positive,planned,
Paint Reproductions · US Search,Tools Color Checker,257,"""color checker for painting""",Phrase,positive,planned,
Paint Reproductions · US Search,Tools Color Checker,258,color checker for painting,Broad,positive,planned,
Paint Reproductions · US Search,Tools Color Checker,259,(how to use a color checker painting),Exact,positive,planned,
Paint Reproductions · US Search,Tools Color Checker,260,"""how to use a color checker painting""",Phrase,positive,planned,
Paint Reproductions · US Search,Tools Color Checker,261,how to use a color checker painting,Broad,positive,planned,
Paint Reproductions · US Search,Tools Color Checker,262,(proportional divider tutorial),Exact,positive,planned,
Paint Reproductions · US Search,Tools Color Checker,263,"""proportional divider tutorial""",Phrase,positive,planned,
Paint Reproductions · US Search,Tools Color Checker,264,proportional divider tutorial,Broad,positive,planned,
Paint Reproductions · US Search,Tools Color Checker,265,(how to transfer drawing to canvas),Exact,positive,planned,
Paint Reproductions · US Search,Tools Color Checker,266,"""how to transfer drawing to canvas""",Phrase,positive,planned,
Paint Reproductions · US Search,Tools Color Checker,267,how to transfer drawing to canvas,Broad,positive,planned,
Paint Reproductions · US Search,Tools Color Checker,268,(sketch with oil paint),Exact,positive,planned,
Paint Reproductions · US Search,Tools Color Checker,269,"""sketch with oil paint""",Phrase,positive,planned,
Paint Reproductions · US Search,Tools Color Checker,270,sketch with oil paint,Broad,positive,planned,
Paint Reproductions · US Search,Vermeer,271,(vermeer painting tutorial),Exact,positive,planned,
Paint Reproductions · US Search,Vermeer,272,"""vermeer painting tutorial""",Phrase,positive,planned,
Paint Reproductions · US Search,Vermeer,273,vermeer painting tutorial,Broad,positive,planned,
Paint Reproductions · US Search,Vermeer,274,(vermeer technique),Exact,positive,planned,
Paint Reproductions · US Search,Vermeer,275,"""vermeer technique""",Phrase,positive,planned,
Paint Reproductions · US Search,Vermeer,276,vermeer technique,Broad,positive,planned,
Paint Reproductions · US Search,Vermeer,277,(how to paint like vermeer),Exact,positive,planned,
Paint Reproductions · US Search,Vermeer,278,"""how to paint like vermeer""",Phrase,positive,planned,
Paint Reproductions · US Search,Vermeer,279,how to paint like vermeer,Broad,positive,planned,
Paint Reproductions · US Search,Vermeer,280,(paint like vermeer),Exact,positive,planned,
Paint Reproductions · US Search,Vermeer,281,"""paint like vermeer""",Phrase,positive,planned,
Paint Reproductions · US Search,Vermeer,282,paint like vermeer,Broad,positive,planned,
Paint Reproductions · US Search,Vermeer,283,(copying vermeer),Exact,positive,planned,
Paint Reproductions · US Search,Vermeer,284,"""copying vermeer""",Phrase,positive,planned,
Paint Reproductions · US Search,Vermeer,285,copying vermeer,Broad,positive,planned,
Paint Reproductions · US Search,Vermeer,286,(johannes vermeer technique),Exact,positive,planned,
Paint Reproductions · US Search,Vermeer,287,"""johannes vermeer technique""",Phrase,positive,planned,
Paint Reproductions · US Search,Vermeer,288,johannes vermeer technique,Broad,positive,planned,
Paint Reproductions · US Search,Vermeer,289,(vermeer reproduction),Exact,positive,planned,
Paint Reproductions · US Search,Vermeer,290,"""vermeer reproduction""",Phrase,positive,planned,
Paint Reproductions · US Search,Vermeer,291,vermeer reproduction,Broad,positive,planned,
Paint Reproductions · US Search,Vermeer,292,(vermeer realism),Exact,positive,planned,
Paint Reproductions · US Search,Vermeer,293,"""vermeer realism""",Phrase,positive,planned,
Paint Reproductions · US Search,Vermeer,294,vermeer realism,Broad,positive,planned,
Paint Reproductions · US Search,Vermeer,295,(vermeer study),Exact,positive,planned,
Paint Reproductions · US Search,Vermeer,296,"""vermeer study""",Phrase,positive,planned,
Paint Reproductions · US Search,Vermeer,297,vermeer study,Broad,positive,planned,
Paint Reproductions · US Search,Vermeer,298,(vermeer grisaille),Exact,positive,planned,
Paint Reproductions · US Search,Vermeer,299,"""vermeer grisaille""",Phrase,positive,planned,
Paint Reproductions · US Search,Vermeer,300,vermeer grisaille,Broad,positive,planned,
Paint Reproductions · US Search,Vermeer,301,(the lacemaker vermeer),Exact,positive,planned,
Paint Reproductions · US Search,Vermeer,302,"""the lacemaker vermeer""",Phrase,positive,planned,
Paint Reproductions · US Search,Vermeer,303,the lacemaker vermeer,Broad,positive,planned,
Paint Reproductions · US Search,Vermeer,304,(johannes vermeer the lacemaker),Exact,positive,planned,
Paint Reproductions · US Search,Vermeer,305,"""johannes vermeer the lacemaker""",Phrase,positive,planned,
Paint Reproductions · US Search,Vermeer,306,johannes vermeer the lacemaker,Broad,positive,planned,
Paint Reproductions · US Search,Vermeer,307,(girl reading a letter at an open window),Exact,positive,planned,
Paint Reproductions · US Search,Vermeer,308,"""girl reading a letter at an open window""",Phrase,positive,planned,
Paint Reproductions · US Search,Vermeer,309,girl reading a letter at an open window,Broad,positive,planned,
Paint Reproductions · US Search,Vermeer,310,(vermeer girl reading a letter),Exact,positive,planned,
Paint Reproductions · US Search,Vermeer,311,"""vermeer girl reading a letter""",Phrase,positive,planned,
Paint Reproductions · US Search,Vermeer,312,vermeer girl reading a letter,Broad,positive,planned,
Paint Reproductions · US Search,Vermeer,313,(dutch master painting tutorial),Exact,positive,planned,
Paint Reproductions · US Search,Vermeer,314,"""dutch master painting tutorial""",Phrase,positive,planned,
Paint Reproductions · US Search,Vermeer,315,dutch master painting tutorial,Broad,positive,planned,
Paint Reproductions · US Search,Vermeer,316,(the lacemaker vermeer tutorial),Exact,positive,planned,
Paint Reproductions · US Search,Vermeer,317,"""the lacemaker vermeer tutorial""",Phrase,positive,planned,
Paint Reproductions · US Search,Vermeer,318,the lacemaker vermeer tutorial,Broad,positive,planned,
Paint Reproductions · US Search,Vermeer,319,(vermeer glazing technique),Exact,positive,planned,
Paint Reproductions · US Search,Vermeer,320,"""vermeer glazing technique""",Phrase,positive,planned,
Paint Reproductions · US Search,Vermeer,321,vermeer glazing technique,Broad,positive,planned,
Paint Reproductions · US Search,Vermeer,322,(vermeer grisaille tutorial),Exact,positive,planned,
Paint Reproductions · US Search,Vermeer,323,"""vermeer grisaille tutorial""",Phrase,positive,planned,
Paint Reproductions · US Search,Vermeer,324,vermeer grisaille tutorial,Broad,positive,planned,
Paint Reproductions · US Search,Vermeer,325,(vermeer flesh tones),Exact,positive,planned,
Paint Reproductions · US Search,Vermeer,326,"""vermeer flesh tones""",Phrase,positive,planned,
Paint Reproductions · US Search,Vermeer,327,vermeer flesh tones,Broad,positive,planned,
Paint Reproductions · US Search,Vermeer,328,(mastering vermeer painting technique),Exact,positive,planned,
Paint Reproductions · US Search,Vermeer,329,"""mastering vermeer painting technique""",Phrase,positive,planned,
Paint Reproductions · US Search,Vermeer,330,mastering vermeer painting technique,Broad,positive,planned,
Paint Reproductions · US Search,Vermeer,331,(the art of painting vermeer),Exact,positive,planned,
Paint Reproductions · US Search,Vermeer,332,"""the art of painting vermeer""",Phrase,positive,planned,
Paint Reproductions · US Search,Vermeer,333,the art of painting vermeer,Broad,positive,planned,
Paint Reproductions · US Search,Caravaggio,334,(how to paint like caravaggio),Exact,positive,planned,
Paint Reproductions · US Search,Caravaggio,335,"""how to paint like caravaggio""",Phrase,positive,planned,
Paint Reproductions · US Search,Caravaggio,336,how to paint like caravaggio,Broad,positive,planned,
Paint Reproductions · US Search,Caravaggio,337,(caravaggio tutorial),Exact,positive,planned,
Paint Reproductions · US Search,Caravaggio,338,"""caravaggio tutorial""",Phrase,positive,planned,
Paint Reproductions · US Search,Caravaggio,339,caravaggio tutorial,Broad,positive,planned,
Paint Reproductions · US Search,Caravaggio,340,(chiaroscuro technique),Exact,positive,planned,
Paint Reproductions · US Search,Caravaggio,341,"""chiaroscuro technique""",Phrase,positive,planned,
Paint Reproductions · US Search,Caravaggio,342,chiaroscuro technique,Broad,positive,planned,
Paint Reproductions · US Search,Caravaggio,343,(tenebrism painting),Exact,positive,planned,
Paint Reproductions · US Search,Caravaggio,344,"""tenebrism painting""",Phrase,positive,planned,
Paint Reproductions · US Search,Caravaggio,345,tenebrism painting,Broad,positive,planned,
Paint Reproductions · US Search,Caravaggio,346,(caravaggio grisaille),Exact,positive,planned,
Paint Reproductions · US Search,Caravaggio,347,"""caravaggio grisaille""",Phrase,positive,planned,
Paint Reproductions · US Search,Caravaggio,348,caravaggio grisaille,Broad,positive,planned,
Paint Reproductions · US Search,Caravaggio,349,(caravaggio color palette),Exact,positive,planned,
Paint Reproductions · US Search,Caravaggio,350,"""caravaggio color palette""",Phrase,positive,planned,
Paint Reproductions · US Search,Caravaggio,351,caravaggio color palette,Broad,positive,planned,
Paint Reproductions · US Search,Caravaggio,352,(saint francis caravaggio painting),Exact,positive,planned,
Paint Reproductions · US Search,Caravaggio,353,"""saint francis caravaggio painting""",Phrase,positive,planned,
Paint Reproductions · US Search,Caravaggio,354,saint francis caravaggio painting,Broad,positive,planned,
Paint Reproductions · US Search,Caravaggio,355,(baroque oil painting tutorial),Exact,positive,planned,
Paint Reproductions · US Search,Caravaggio,356,"""baroque oil painting tutorial""",Phrase,positive,planned,
Paint Reproductions · US Search,Caravaggio,357,baroque oil painting tutorial,Broad,positive,planned,
Paint Reproductions · US Search,Caravaggio,358,(caravaggio chiaroscuro tutorial),Exact,positive,planned,
Paint Reproductions · US Search,Caravaggio,359,"""caravaggio chiaroscuro tutorial""",Phrase,positive,planned,
Paint Reproductions · US Search,Caravaggio,360,caravaggio chiaroscuro tutorial,Broad,positive,planned,
Paint Reproductions · US Search,Caravaggio,361,(tenebrism oil painting),Exact,positive,planned,
Paint Reproductions · US Search,Caravaggio,362,"""tenebrism oil painting""",Phrase,positive,planned,
Paint Reproductions · US Search,Caravaggio,363,tenebrism oil painting,Broad,positive,planned,
Paint Reproductions · US Search,Caravaggio,364,(saint francis of assisi painting tutorial),Exact,positive,planned,
Paint Reproductions · US Search,Caravaggio,365,"""saint francis of assisi painting tutorial""",Phrase,positive,planned,
Paint Reproductions · US Search,Caravaggio,366,saint francis of assisi painting tutorial,Broad,positive,planned,
Paint Reproductions · US Search,Caravaggio,367,(paint like caravaggio step by step),Exact,positive,planned,
Paint Reproductions · US Search,Caravaggio,368,"""paint like caravaggio step by step""",Phrase,positive,planned,
Paint Reproductions · US Search,Caravaggio,369,paint like caravaggio step by step,Broad,positive,planned,
Paint Reproductions · US Search,Caravaggio,370,(caravaggio painting tutorial),Exact,positive,planned,
Paint Reproductions · US Search,Caravaggio,371,"""caravaggio painting tutorial""",Phrase,positive,planned,
Paint Reproductions · US Search,Caravaggio,372,caravaggio painting tutorial,Broad,positive,planned,
Paint Reproductions · US Search,Constable Landscape,373,(john constable tutorial),Exact,positive,planned,
Paint Reproductions · US Search,Constable Landscape,374,"""john constable tutorial""",Phrase,positive,planned,
Paint Reproductions · US Search,Constable Landscape,375,john constable tutorial,Broad,positive,planned,
Paint Reproductions · US Search,Constable Landscape,376,(how to paint like john constable),Exact,positive,planned,
Paint Reproductions · US Search,Constable Landscape,377,"""how to paint like john constable""",Phrase,positive,planned,
Paint Reproductions · US Search,Constable Landscape,378,how to paint like john constable,Broad,positive,planned,
Paint Reproductions · US Search,Constable Landscape,379,(the hay wain painting),Exact,positive,planned,
Paint Reproductions · US Search,Constable Landscape,380,"""the hay wain painting""",Phrase,positive,planned,
Paint Reproductions · US Search,Constable Landscape,381,the hay wain painting,Broad,positive,planned,
Paint Reproductions · US Search,Constable Landscape,382,(reproduce the hay wain),Exact,positive,planned,
Paint Reproductions · US Search,Constable Landscape,383,"""reproduce the hay wain""",Phrase,positive,planned,
Paint Reproductions · US Search,Constable Landscape,384,reproduce the hay wain,Broad,positive,planned,
Paint Reproductions · US Search,Constable Landscape,385,(painting the hay wain step by step),Exact,positive,planned,
Paint Reproductions · US Search,Constable Landscape,386,"""painting the hay wain step by step""",Phrase,positive,planned,
Paint Reproductions · US Search,Constable Landscape,387,painting the hay wain step by step,Broad,positive,planned,
Paint Reproductions · US Search,Constable Landscape,388,(landscape painting tutorial),Exact,positive,planned,
Paint Reproductions · US Search,Constable Landscape,389,"""landscape painting tutorial""",Phrase,positive,planned,
Paint Reproductions · US Search,Constable Landscape,390,landscape painting tutorial,Broad,positive,planned,
Paint Reproductions · US Search,Constable Landscape,391,(landscape oil painting tutorial),Exact,positive,planned,
Paint Reproductions · US Search,Constable Landscape,392,"""landscape oil painting tutorial""",Phrase,positive,planned,
Paint Reproductions · US Search,Constable Landscape,393,landscape oil painting tutorial,Broad,positive,planned,
Paint Reproductions · US Search,Constable Landscape,394,(english landscape painting),Exact,positive,planned,
Paint Reproductions · US Search,Constable Landscape,395,"""english landscape painting""",Phrase,positive,planned,
Paint Reproductions · US Search,Constable Landscape,396,english landscape painting,Broad,positive,planned,
Paint Reproductions · US Search,Constable Landscape,397,(the hay wain tutorial),Exact,positive,planned,
Paint Reproductions · US Search,Constable Landscape,398,"""the hay wain tutorial""",Phrase,positive,planned,
Paint Reproductions · US Search,Constable Landscape,399,the hay wain tutorial,Broad,positive,planned,
Paint Reproductions · US Search,Constable Landscape,400,(constable landscape painting),Exact,positive,planned,
Paint Reproductions · US Search,Constable Landscape,401,"""constable landscape painting""",Phrase,positive,planned,
Paint Reproductions · US Search,Constable Landscape,402,constable landscape painting,Broad,positive,planned,
Paint Reproductions · US Search,Constable Landscape,403,(landscape painting tutorial oil),Exact,positive,planned,
Paint Reproductions · US Search,Constable Landscape,404,"""landscape painting tutorial oil""",Phrase,positive,planned,
Paint Reproductions · US Search,Constable Landscape,405,landscape painting tutorial oil,Broad,positive,planned,
Paint Reproductions · US Search,Cityscape Depth,406,(cityscape oil painting),Exact,positive,planned,
Paint Reproductions · US Search,Cityscape Depth,407,"""cityscape oil painting""",Phrase,positive,planned,
Paint Reproductions · US Search,Cityscape Depth,408,cityscape oil painting,Broad,positive,planned,
Paint Reproductions · US Search,Cityscape Depth,409,(add depth to paintings),Exact,positive,planned,
Paint Reproductions · US Search,Cityscape Depth,410,"""add depth to paintings""",Phrase,positive,planned,
Paint Reproductions · US Search,Cityscape Depth,411,add depth to paintings,Broad,positive,planned,
Paint Reproductions · US Search,Cityscape Depth,412,(urban landscape painting),Exact,positive,planned,
Paint Reproductions · US Search,Cityscape Depth,413,"""urban landscape painting""",Phrase,positive,planned,
Paint Reproductions · US Search,Cityscape Depth,414,urban landscape painting,Broad,positive,planned,
Paint Reproductions · US Search,Cityscape Depth,415,(city landscape painting),Exact,positive,planned,
Paint Reproductions · US Search,Cityscape Depth,416,"""city landscape painting""",Phrase,positive,planned,
Paint Reproductions · US Search,Cityscape Depth,417,city landscape painting,Broad,positive,planned,
Paint Reproductions · US Search,Cityscape Depth,418,(landscape techniques painting),Exact,positive,planned,
Paint Reproductions · US Search,Cityscape Depth,419,"""landscape techniques painting""",Phrase,positive,planned,
Paint Reproductions · US Search,Cityscape Depth,420,landscape techniques painting,Broad,positive,planned,
Paint Reproductions · US Search,Cityscape Depth,421,(how to add depth to a painting),Exact,positive,planned,
Paint Reproductions · US Search,Cityscape Depth,422,"""how to add depth to a painting""",Phrase,positive,planned,
Paint Reproductions · US Search,Cityscape Depth,423,how to add depth to a painting,Broad,positive,planned,
Paint Reproductions · US Search,Cityscape Depth,424,(cityscape oil painting tutorial),Exact,positive,planned,
Paint Reproductions · US Search,Cityscape Depth,425,"""cityscape oil painting tutorial""",Phrase,positive,planned,
Paint Reproductions · US Search,Cityscape Depth,426,cityscape oil painting tutorial,Broad,positive,planned,
Paint Reproductions · US Search,Cityscape Depth,427,(urban art painting tutorial),Exact,positive,planned,
Paint Reproductions · US Search,Cityscape Depth,428,"""urban art painting tutorial""",Phrase,positive,planned,
Paint Reproductions · US Search,Cityscape Depth,429,urban art painting tutorial,Broad,positive,planned,
Paint Reproductions · US Search,Cityscape Depth,430,(cityscape painting tutorial),Exact,positive,planned,
Paint Reproductions · US Search,Cityscape Depth,431,"""cityscape painting tutorial""",Phrase,positive,planned,
Paint Reproductions · US Search,Cityscape Depth,432,cityscape painting tutorial,Broad,positive,planned,
Paint Reproductions · US Search,Other Masters,433,(rembrandt painting tutorial),Exact,positive,planned,
Paint Reproductions · US Search,Other Masters,434,"""rembrandt painting tutorial""",Phrase,positive,planned,
Paint Reproductions · US Search,Other Masters,435,rembrandt painting tutorial,Broad,positive,planned,
Paint Reproductions · US Search,Other Masters,436,(how to paint like rembrandt),Exact,positive,planned,
Paint Reproductions · US Search,Other Masters,437,"""how to paint like rembrandt""",Phrase,positive,planned,
Paint Reproductions · US Search,Other Masters,438,how to paint like rembrandt,Broad,positive,planned,
Paint Reproductions · US Search,Other Masters,439,(john singer sargent master copy),Exact,positive,planned,
Paint Reproductions · US Search,Other Masters,440,"""john singer sargent master copy""",Phrase,positive,planned,
Paint Reproductions · US Search,Other Masters,441,john singer sargent master copy,Broad,positive,planned,
Paint Reproductions · US Search,Other Masters,442,(how to paint like sargent),Exact,positive,planned,
Paint Reproductions · US Search,Other Masters,443,"""how to paint like sargent""",Phrase,positive,planned,
Paint Reproductions · US Search,Other Masters,444,how to paint like sargent,Broad,positive,planned,
Paint Reproductions · US Search,Other Masters,445,(van gogh reproduction painting),Exact,positive,planned,
Paint Reproductions · US Search,Other Masters,446,"""van gogh reproduction painting""",Phrase,positive,planned,
Paint Reproductions · US Search,Other Masters,447,van gogh reproduction painting,Broad,positive,planned,
Paint Reproductions · US Search,Other Masters,448,(monet painting tutorial),Exact,positive,planned,
Paint Reproductions · US Search,Other Masters,449,"""monet painting tutorial""",Phrase,positive,planned,
Paint Reproductions · US Search,Other Masters,450,monet painting tutorial,Broad,positive,planned,
Paint Reproductions · US Search,Other Masters,451,(leonardo da vinci painting technique),Exact,positive,planned,
Paint Reproductions · US Search,Other Masters,452,"""leonardo da vinci painting technique""",Phrase,positive,planned,
Paint Reproductions · US Search,Other Masters,453,leonardo da vinci painting technique,Broad,positive,planned,
Paint Reproductions · US Search,Other Masters,454,(winslow homer painting tutorial),Exact,positive,planned,
Paint Reproductions · US Search,Other Masters,455,"""winslow homer painting tutorial""",Phrase,positive,planned,
Paint Reproductions · US Search,Other Masters,456,winslow homer painting tutorial,Broad,positive,planned,
Paint Reproductions · US Search,Other Masters,457,(rembrandt reproduction tutorial),Exact,positive,planned,
Paint Reproductions · US Search,Other Masters,458,"""rembrandt reproduction tutorial""",Phrase,positive,planned,
Paint Reproductions · US Search,Other Masters,459,rembrandt reproduction tutorial,Broad,positive,planned,
Paint Reproductions · US Search,Other Masters,460,(sargent painting technique),Exact,positive,planned,
Paint Reproductions · US Search,Other Masters,461,"""sargent painting technique""",Phrase,positive,planned,
Paint Reproductions · US Search,Other Masters,462,sargent painting technique,Broad,positive,planned,
Paint Reproductions · US Search,Other Masters,463,(van gogh irises painting tutorial),Exact,positive,planned,
Paint Reproductions · US Search,Other Masters,464,"""van gogh irises painting tutorial""",Phrase,positive,planned,
Paint Reproductions · US Search,Other Masters,465,van gogh irises painting tutorial,Broad,positive,planned,
Paint Reproductions · US Search,Other Masters,466,(old master painting tutorial),Exact,positive,planned,
Paint Reproductions · US Search,Other Masters,467,"""old master painting tutorial""",Phrase,positive,planned,
Paint Reproductions · US Search,Other Masters,468,old master painting tutorial,Broad,positive,planned,
