Word,Cost,Clicks,Impressions,Conversions,Top Containing Queries
security+,$14.72,7,109,0.00,"(comptia security+ practice test, security+ practice test, security+ practice exam)"
practice,$11.27,5,83,0.00,"(comptia security+ practice test, security+ practice test, sec+ practice test)"
comptia,$8.30,4,56,0.00,"(comptia security+ practice test, comptia security+, comptia security+ sy0 701 exam questions and answers)"
test,$0.00,0,42,0.00,"(comptia security+ practice test, security+ practice test, sec+ practice test)"
questions,$6.52,3,37,0.00,"(comptia security+ sy0 701 exam questions and answers, comptia security+ questions, security+ questions)"
exam,$10.67,5,30,0.00,"(security+ practice exam, comptia security+ sy0 701 exam questions and answers, comptia security+ sy0 701 practice exam)"
sec+,$4.87,2,27,0.00,"(sec+ practice test, sec+ 701 practice test, comptia sec+ practice exam)"
701,$2.31,1,26,0.00,"(comptia security+ sy0 701 exam questions and answers, sec+ 701 practice test, comptia security+ sy0 701 practice exam)"
pbq,$4.22,2,20,0.00,"(security+ pbq, pbq security+, sec+ pbq practice)"
sy0 701,$2.31,1,11,0.00,"(comptia security+ sy0 701 exam questions and answers, comptia security+ sy0 701 practice exam, sy0 701)"
practice exams,$2.25,1,9,0.00,"(jason dion security+ practice exams, sec+ practice exams, best security+ practice exams)"
pdf,$2.31,1,7,0.00,"(pass4sure security+ pdf, comptia security+ 701 performance based questions pdf, comptia security+ study guide with over 500 practice test questions exam sy0 701 pdf)"
dion,$2.25,1,5,0.00,"(jason dion security+ practice exams, dion security+ practice exams, jason dion security+ 701 practice exams pdf)"
answers,$0.00,0,4,0.00,(comptia security+ sy0 701 exam questions and answers)
jason dion,$2.25,1,4,0.00,"(jason dion security+ practice exams, jason dion security+ 701 practice exams pdf)"
and,$0.00,0,4,0.00,(comptia security+ sy0 701 exam questions and answers)
pbqs,$0.00,0,3,0.00,"(pbqs security+, security+ 701 pbqs)"
based questions,$2.45,1,3,0.00,"(comptia security+ 701 performance based questions pdf, comptia security+ performance based questions examples, security+ performance based questions)"
performance,$2.45,1,3,0.00,"(comptia security+ 701 performance based questions pdf, comptia security+ performance based questions examples, security+ performance based questions)"
tests,$0.00,0,3,0.00,"(comptia security+ practice tests, security+ practice tests pdf, security+ tests)"
cyberkraft,$0.00,0,2,0.00,"(cyberkraft security+ 701 pbq, cyberkraft security+ pbq)"
example,$0.00,0,2,0.00,(comptia security+ example questions)
pass4sure,$0.00,0,2,0.00,(pass4sure security+ pdf)
sample,$0.00,0,2,0.00,"(comptia security+ sample exam, comptia security+ sample questions)"
1,$0.00,0,2,0.00,(comptia security+ domain 1 practice test)
examples,$0.00,0,2,0.00,"(comptia security+ pbq examples, comptia security+ performance based questions examples)"
domain,$0.00,0,2,0.00,(comptia security+ domain 1 practice test)
study,$0.00,0,1,0.00,(comptia security+ study guide with over 500 practice test questions exam sy0 701 pdf)
dumps,$1.80,1,1,0.00,(comptia security+ exam dumps)
james,$0.00,0,1,0.00,(cyber james security+)
syo,$0.00,0,1,0.00,(syo 701)
best,$0.00,0,1,0.00,(best security+ practice exams)
cyberkraft security,$0.00,0,1,0.00,(security plus 701 practice exam)
guide,$0.00,0,1,0.00,(comptia security+ study guide with over 500 practice test questions exam sy0 701 pdf)
over,$0.00,0,1,0.00,(comptia security+ study guide with over 500 practice test questions exam sy0 701 pdf)
practical,$0.00,0,1,0.00,(security+ practical questions)
real,$0.00,0,1,0.00,(security+ real exam questions)
plus,$0.00,0,1,0.00,(security plus 701 practice exam)
simulations,$0.00,0,1,0.00,(comptia security+ simulations)
with,$0.00,0,1,0.00,(comptia security+ study guide with over 500 practice test questions exam sy0 701 pdf)
cyber,$0.00,0,1,0.00,(cyber james security+)
500,$0.00,0,1,0.00,(comptia security+ study guide with over 500 practice test questions exam sy0 701 pdf)
