Search Keyword,Match type,Criterion Status,Campaign Status,Ad Group Status,Cost,Clicks,CTR
comptia security+ practice questions,Phrase match,Enabled,Enabled,Enabled,$9.88,5,5.62%
security+ pbq practice,Exact match,Enabled,Enabled,Enabled,$8.06,4,13.79%
security+ timed practice test,Exact match,Enabled,Enabled,Enabled,$4.19,2,6.06%
security+ performance based questions,Exact match,Enabled,Enabled,Enabled,$2.45,1,100.00%
security+ practice questions,Phrase match,Enabled,Enabled,Enabled,$0.00,0,0.00%
security+ performance based questions,Phrase match,Enabled,Enabled,Enabled,$0.00,0,0.00%
comptia security+ pbq,Exact match,Enabled,Enabled,Enabled,$0.00,0,0.00%
security+ pbq practice,Phrase match,Enabled,Enabled,Enabled,$0.00,0,0.00%
comptia security+ pbq,Phrase match,Enabled,Enabled,Enabled,$0.00,0,0.00%
sy0-701 practice questions,Phrase match,Enabled,Enabled,Enabled,$0.00,0,0.00%
security+ pbq practice online,Phrase match,Enabled,Enabled,Enabled,$0.00,0,0.00%
security+ performance based question,Phrase match,Enabled,Enabled,Enabled,$0.00,0,0.00%
sy0-701 performance based,Phrase match,Enabled,Enabled,Enabled,$0.00,0,0.00%
sy0-701 pbq practice,Phrase match,Enabled,Enabled,Enabled,$0.00,0,0.00%
security+ simulation online,Phrase match,Enabled,Enabled,Enabled,$0.00,0,0.00%
security+ pbq browser,Phrase match,Enabled,Enabled,Enabled,$0.00,0,0.00%
security+ pbq chain lab,Phrase match,Enabled,Enabled,Enabled,$0.00,0,0.00%
security+ interactive scenarios,Phrase match,Enabled,Enabled,Enabled,$0.00,0,0.00%
security+ hands on practice,Phrase match,Enabled,Enabled,Enabled,$0.00,0,0.00%
comptia sy0-701 pbq,Phrase match,Enabled,Enabled,Enabled,$0.00,0,0.00%
security+ scenario practice online,Phrase match,Enabled,Enabled,Enabled,$0.00,0,0.00%
security+ exam prep online,Phrase match,Enabled,Enabled,Enabled,$0.00,0,0.00%
security+ pbq realistic scenarios,Phrase match,Enabled,Enabled,Enabled,$0.00,0,0.00%
security+ pbq timed prep,Phrase match,Enabled,Enabled,Enabled,$0.00,0,0.00%
security+ hot spot questions,Phrase match,Enabled,Enabled,Enabled,$0.00,0,0.00%
security+ hot spot practice,Phrase match,Enabled,Enabled,Enabled,$0.00,0,0.00%
security+ incident response pbq,Phrase match,Enabled,Enabled,Enabled,$0.00,0,0.00%
dark web pbq security+,Phrase match,Enabled,Enabled,Enabled,$0.00,0,0.00%
security+ dark web incident response pbq,Phrase match,Enabled,Enabled,Enabled,$0.00,0,0.00%
security+ exam simulation online,Exact match,Enabled,Enabled,Enabled,$0.00,0,0.00%
security+ exam simulation online,Phrase match,Enabled,Enabled,Enabled,$0.00,0,0.00%
security+ timed practice test online,Phrase match,Enabled,Enabled,Enabled,$0.00,0,0.00%
security+ mock exam online,Phrase match,Enabled,Enabled,Enabled,$0.00,0,0.00%
security+ realistic practice test,Phrase match,Enabled,Enabled,Enabled,$0.00,0,0.00%
security+ practice exam simulation,Phrase match,Enabled,Enabled,Enabled,$0.00,0,0.00%
security+ timed exam prep,Phrase match,Enabled,Enabled,Enabled,$0.00,0,0.00%
90 minute security+ practice test,Phrase match,Enabled,Enabled,Enabled,$0.00,0,0.00%
security+ timed exam simulation,Phrase match,Enabled,Enabled,Enabled,$0.00,0,0.00%
security+ 8140,Exact match,Enabled,Enabled,Enabled,$0.00,0,0.00%
dod security+ certification,Exact match,Enabled,Enabled,Enabled,$0.00,0,0.00%
security+ before starting job,Phrase match,Enabled,Enabled,Enabled,$0.00,0,0.00%
sy0-701 pbq,Exact match,Enabled,Enabled,Enabled,$0.00,0,0.00%
security+ how to pass pbq,Phrase match,Enabled,Enabled,Enabled,$0.00,0,0.00%
security+ pbq in browser,Phrase match,Enabled,Enabled,Enabled,$0.00,0,0.00%
security+ browser pbq,Phrase match,Enabled,Enabled,Enabled,$0.00,0,0.00%
security+ pbq no download,Phrase match,Enabled,Enabled,Enabled,$0.00,0,0.00%
security+ chain lab practice,Phrase match,Enabled,Enabled,Enabled,$0.00,0,0.00%
security+ drag and drop practice,Phrase match,Enabled,Enabled,Enabled,$0.00,0,0.00%
security+ employer mandated cert,Phrase match,Enabled,Enabled,Enabled,$0.00,0,0.00%
security+ required for job,Phrase match,Enabled,Enabled,Enabled,$0.00,0,0.00%
