Search,Cost,Clicks,Impressions,Conversions
comptia security+ practice test,$0.00,0,16,0.00
security+ practice test,$0.00,0,9,0.00
sec+ practice test,$0.00,0,8,0.00
security+ practice exam,$2.37,1,5,0.00
comptia security+,$0.00,0,4,0.00
comptia security+ sy0 701 exam questions and answers,$0.00,0,4,0.00
sec+ 701 practice test,$0.00,0,4,0.00
security+ pbq,$0.00,0,4,0.00
comptia security+ questions,$0.00,0,3,0.00
comptia security+ sy0 701 practice exam,$0.00,0,3,0.00
jason dion security+ practice exams,$2.25,1,3,0.00
pbq security+,$0.00,0,3,0.00
security+ questions,$0.00,0,3,0.00
comptia sec+ practice exam,$2.41,1,2,0.00
comptia security+ domain 1 practice test,$0.00,0,2,0.00
comptia security+ example questions,$0.00,0,2,0.00
comptia security+ practice exam,$1.78,1,2,0.00
comptia security+ practice questions,$0.00,0,2,0.00
pass4sure security+ pdf,$0.00,0,2,0.00
pbqs security+,$0.00,0,2,0.00
sec+ pbq practice,$2.46,1,2,0.00
sec+ practice exams,$0.00,0,2,0.00
security+ exam questions,$0.00,0,2,0.00
security+ pbq practice,$0.00,0,2,0.00
security+ pbq questions,$1.76,1,2,0.00
security+ practice questions,$0.00,0,2,0.00
sy0 701,$0.00,0,2,0.00
best security+ practice exams,$0.00,0,1,0.00
comptia sec+,$0.00,0,1,0.00
comptia sec+ 701 practice exam,$0.00,0,1,0.00
comptia security+ 701 performance based questions pdf,$0.00,0,1,0.00
comptia security+ exam dumps,$1.80,1,1,0.00
comptia security+ exam questions,$0.00,0,1,0.00
comptia security+ pbq examples,$0.00,0,1,0.00
comptia security+ pbq practice questions,$0.00,0,1,0.00
comptia security+ pbq questions,$0.00,0,1,0.00
comptia security+ performance based questions examples,$0.00,0,1,0.00
comptia security+ practice tests,$0.00,0,1,0.00
comptia security+ sample exam,$0.00,0,1,0.00
comptia security+ sample questions,$0.00,0,1,0.00
comptia security+ simulations,$0.00,0,1,0.00
comptia security+ study guide with over 500 practice test questions exam sy0 701 pdf,$0.00,0,1,0.00
comptia security+ sy0 701 exam questions pdf,$2.31,1,1,0.00
cyber james security+,$0.00,0,1,0.00
cyberkraft security+ 701 pbq,$0.00,0,1,0.00
cyberkraft security+ pbq,$0.00,0,1,0.00
dion security+ practice exams,$0.00,0,1,0.00
jason dion security+ 701 practice exams pdf,$0.00,0,1,0.00
practice comptia security+ exam,$0.00,0,1,0.00
practice test security+,$0.00,0,1,0.00
sec+ 701 practice questions,$0.00,0,1,0.00
sec+ exam questions,$0.00,0,1,0.00
sec+ pbq,$0.00,0,1,0.00
sec+ practice,$0.00,0,1,0.00
sec+ practice exam,$0.00,0,1,0.00
sec+ practice questions,$0.00,0,1,0.00
sec+ test questions,$0.00,0,1,0.00
security plus 701 practice exam,$0.00,0,1,0.00
security+ 701 pbq questions,$0.00,0,1,0.00
security+ 701 pbqs,$0.00,0,1,0.00
security+ 701 practice exam,$0.00,0,1,0.00
security+ 701 practice questions,$0.00,0,1,0.00
security+ performance based questions,$2.45,1,1,0.00
security+ practical questions,$0.00,0,1,0.00
security+ practice,$0.00,0,1,0.00
security+ practice exams,$0.00,0,1,0.00
security+ practice tests pdf,$0.00,0,1,0.00
security+ real exam questions,$0.00,0,1,0.00
security+ tests,$0.00,0,1,0.00
syo 701,$0.00,0,1,0.00
