discovered_at,source_id,source_url,source_version,source_question_id,stem,choice_a,choice_b,choice_c,choice_d,choice_e,choice_f,stated_answer,topic_notes,date_found,bct_match_score,bct_match_slug
2026-06-27,certimaan-ccnaauto-samples,https://www.certimaan.com/post/cisco-devnet-sample-questions,200-901 v1.1,1,Which REST architectural constraint indicates that no client context should be stored on the server between requests?,1. stateless,2. uniform interface,3. cacheable,4. client-server,,,,Tier C research — community recall; verify answer on Cisco Tier A only,2026-06-27,0.22,
2026-06-27,certimaan-ccnaauto-samples,https://www.certimaan.com/post/cisco-devnet-sample-questions,200-901 v1.1,2,Which two statement describe the role of an artifact repository in a CI/CD pipeline?,1. An artifact repository allows to compare and merge changes in the source code of files involved in a build process.,2. An artifact repository is needed only for CI/CD pipeline executed on a public cloud infrastructure.,"3. An artifact repository provides traceability, search, and management of binary files.",4. An artifact repository is needed only for managing open source software.,,,,Tier C research — community recall; verify answer on Cisco Tier A only,2026-06-27,0.18,
2026-06-27,certimaan-ccnaauto-samples,https://www.certimaan.com/post/cisco-devnet-sample-questions,200-901 v1.1,3,Which product provides network controller-level management features?,1. Cisco DNA Center,2. Cisco NX-OS,3. Cisco UCS Manager,4. Cisco ISE,,,,Tier C research — community recall; verify answer on Cisco Tier A only,2026-06-27,0.29,
2026-06-27,certimaan-ccnaauto-samples,https://www.certimaan.com/post/cisco-devnet-sample-questions,200-901 v1.1,4,What are two characteristics of Bare Metal environments that are related to application deployment?,1. Provide the hypervisor to host virtual servers,2. Specifically designed for container-based workloads.,3. Provides workloads with access to hardware features,4. Suitable for legacy application that do not support virtualization,,,,Tier C research — community recall; verify answer on Cisco Tier A only,2026-06-27,0.29,
2026-06-27,certimaan-ccnaauto-samples,https://www.certimaan.com/post/cisco-devnet-sample-questions,200-901 v1.1,5,Which statement about authentication a RESTCONF API session with a router that runs Cisco IOS XE software is true?,1. OAuth must be used.,2. A token must be retrieved and the associated string must be embedded in the X-Auth-Token header.,3. Basic authentication must be used.,4. No authentication is required.,,,,Tier C research — community recall; verify answer on Cisco Tier A only,2026-06-27,0.18,
2026-06-27,certimaan-ccnaauto-samples,https://www.certimaan.com/post/cisco-devnet-sample-questions,200-901 v1.1,7,What is the outcome of executing this command?,1. Creates a local copy of a repository called “my project”,2. Creates a copy of a branch called “my project”,3. Initiates a new Git repository called “my project”,4. Creates a new branch called “my project”,,,,Tier C research — community recall; verify answer on Cisco Tier A only,2026-06-27,0.25,
2026-06-27,certimaan-ccnaauto-samples,https://www.certimaan.com/post/cisco-devnet-sample-questions,200-901 v1.1,8,Which task is performed because the test-driven development approach is being used?,1. testing existing software before developing new code,2. refactoring code that is covered by existing tests,3. writing code without committing any coding violations,4. creating test scenarios based on continuous development,,,,Tier C research — community recall; verify answer on Cisco Tier A only,2026-06-27,0.15,
2026-06-27,certimaan-ccnaauto-samples,https://www.certimaan.com/post/cisco-devnet-sample-questions,200-901 v1.1,9,Which platform has an API that be used to obtain a list of vulnerable software on user devices?,1. 1.  Cisco Umbrella,2. 2.  Cisco Firepower,3. 3.  Cisco Identity Services Engine,4. 4.,,,,Tier C research — community recall; verify answer on Cisco Tier A only,2026-06-27,0.17,
2026-06-27,certimaan-ccnaauto-samples,https://www.certimaan.com/post/cisco-devnet-sample-questions,200-901 v1.1,10,Which principle is a value from the manifesto for Agile software development?,1. 1. adhering to a plan over responding to requirements,2. 2. detailed documentation over working software,3. 3. processes and tools over teams and inter actions,4. 4.,,,,Tier C research — community recall; verify answer on Cisco Tier A only,2026-06-27,0.18,
2026-06-27,certimaan-ccnaauto-samples,https://www.certimaan.com/post/cisco-devnet-sample-questions,200-901 v1.1,11,"When using the Bash shell, how it the output of the devnet command saved to a tile named “output.txt”?",1. devnet & output.txt,2. devnet > output.txt,3. devnet < output.txt,4. devnet I output.txt,,,,Tier C research — community recall; verify answer on Cisco Tier A only,2026-06-27,0.12,
2026-06-27,certimaan-ccnaauto-samples,https://www.certimaan.com/post/cisco-devnet-sample-questions,200-901 v1.1,12,Which action does the Git command git merge allow the development to perform?,1. Combine multiple sequence of commits into one unified history.,2. Push changes to the remote repository,3. Switch between branches,"4. Create, list, rename, and delete branches",,,,Tier C research — community recall; verify answer on Cisco Tier A only,2026-06-27,0.20,
2026-06-27,certimaan-ccnaauto-samples,https://www.certimaan.com/post/cisco-devnet-sample-questions,200-901 v1.1,13,"Which CI/CD tool is an automation tool used to build, test, and deploy software?",1. Nagios,2. Gradle,3. Jenkins,4. Git,,,,Tier C research — community recall; verify answer on Cisco Tier A only,2026-06-27,0.15,
2026-06-27,certimaan-ccnaauto-samples,https://www.certimaan.com/post/cisco-devnet-sample-questions,200-901 v1.1,14,Which mechanism is used to consume a RESTful API design when large amounts of data are returned?,1. Data sets,2. Scrolling,3. Blobs,4. Pagination,,,,Tier C research — community recall; verify answer on Cisco Tier A only,2026-06-27,0.22,
2026-06-27,certimaan-ccnaauto-samples,https://www.certimaan.com/post/cisco-devnet-sample-questions,200-901 v1.1,16,What is the benefit of edge computing?,1. It reduces ne two« k latency by moving processing doser to the data source.,2. It simplifies security as devices and processing are brought doser together,3. It removes the need for centralized data processing.,4. It reduces data velocity from devices or other data sources.,,,,Tier C research — community recall; verify answer on Cisco Tier A only,2026-06-27,0.22,
2026-06-27,certimaan-ccnaauto-samples,https://www.certimaan.com/post/cisco-devnet-sample-questions,200-901 v1.1,17,Which line is an example of the start of a chunk from a unified diff?,"1. @@ -90,88 +20191008T1349@@","2. @@ -20191007T1200 +88,90 @@",3. @@ -20191007T1200 +20191008T1349@@,"4. @@ -88,10 +88,6 @@",,,,Tier C research — community recall; verify answer on Cisco Tier A only,2026-06-27,0.18,
2026-06-27,certimaan-ccnaauto-samples,https://www.certimaan.com/post/cisco-devnet-sample-questions,200-901 v1.1,18,What are two advantages of the Model-view-controller software design pattern?,1. simplifies network automation,2. allows for multiple views of the same model,3. makes code easier to deploy using Cl/CD pipelines,4. reduces need for error handling,,,,Tier C research — community recall; verify answer on Cisco Tier A only,2026-06-27,0.29,
2026-06-27,certimaan-ccnaauto-samples,https://www.certimaan.com/post/cisco-devnet-sample-questions,200-901 v1.1,19,Which PAI is used to obtain data voicemail ports?,1. Finesse gadgets,2. Cisco Unified Communications manager,3. Webex devices,4. Webex teams,,,,Tier C research — community recall; verify answer on Cisco Tier A only,2026-06-27,0.20,
2026-06-27,certimaan-ccnaauto-samples,https://www.certimaan.com/post/cisco-devnet-sample-questions,200-901 v1.1,20,What are two security benefits of a Docker-based application?,1. easier to patch because Docker containers include only dependencies that the application requires,2. prevents information leakage that can occur when unhandled exceptions are returned in HTTP responses,3. allows for separation of application that traditionally run in the same host,4. natively secures access to secrets that are used by the running application,,,,Tier C research — community recall; verify answer on Cisco Tier A only,2026-06-27,0.36,
2026-06-27,certimaan-ccnaauto-samples,https://www.certimaan.com/post/cisco-devnet-sample-questions,200-901 v1.1,21,Which two elements are foundational principles of DevOps?,1. designing applications as microservices,2. encouraging containers for the deployment of applications,3. organizing cross-functional teams over organizational silos,4. optimizing the cost of infrastructures,,,,Tier C research — community recall; verify answer on Cisco Tier A only,2026-06-27,0.25,
2026-06-27,certimaan-ccnaauto-samples,https://www.certimaan.com/post/cisco-devnet-sample-questions,200-901 v1.1,23,"Package updates from a local server fail to download. However, the same updates work when a much slower external repository is used. Way are local updates failing?",1. The update utility is trying to use a proxy to access the internal resource.,2. The Internet connection is too slow.,"3. The Internet is down at the moment, which causes the local server to not be able to respond.",4. The server is running out of disk space.,,,,Tier C research — community recall; verify answer on Cisco Tier A only,2026-06-27,0.12,
2026-06-27,certimaan-ccnaauto-samples,https://www.certimaan.com/post/cisco-devnet-sample-questions,200-901 v1.1,25,"In python, which expression checks whether the script returns a success status code when the Requests library is used?",1. 1. response.status_code== requests.ok,2. 2.,3. 3. response.code==,4. 4. response.status_code ! ==,,,,Tier C research — community recall; verify answer on Cisco Tier A only,2026-06-27,0.16,
2026-06-27,certimaan-ccnaauto-samples,https://www.certimaan.com/post/cisco-devnet-sample-questions,200-901 v1.1,26,What are two benefit of managing network configuration via APIs?,1. configuration on devices becomes less complex,2. more security due to locking out manual device configuration,3. increased scalability and consistency of network changes,4. eliminates the need of legacy management protocols like SNMP,,,,Tier C research — community recall; verify answer on Cisco Tier A only,2026-06-27,0.36,
2026-06-27,certimaan-ccnaauto-samples,https://www.certimaan.com/post/cisco-devnet-sample-questions,200-901 v1.1,27,Which two encoding formats do YANG interfaces support?,1. JSON,2. XML,3. XHTML,4. Plain text,,,,Tier C research — community recall; verify answer on Cisco Tier A only,2026-06-27,0.25,
2026-06-27,certimaan-ccnaauto-samples,https://www.certimaan.com/post/cisco-devnet-sample-questions,200-901 v1.1,28,Which way should be used to safely the API keys?,1. In an environment variable unique to the system database,2. Encrypted in a configuration file that is separate from the code,3. Encrypted in the code in a function,4. Plain text in the code as a constant,,,,Tier C research — community recall; verify answer on Cisco Tier A only,2026-06-27,0.25,
2026-06-27,certimaan-ccnaauto-samples,https://www.certimaan.com/post/cisco-devnet-sample-questions,200-901 v1.1,29,Which platform is run directly using a hypervisor?,1. Virtual,2. Bare metal systems,3. Containers,4. Applications,,,,Tier C research — community recall; verify answer on Cisco Tier A only,2026-06-27,0.17,
2026-06-27,certimaan-ccnaauto-samples,https://www.certimaan.com/post/cisco-devnet-sample-questions,200-901 v1.1,30,A developer is writing an application that a REST API and the application requires a valid from the API which element of the response is used in the conditional check?,1. URL,2. Status code,3. Link,4. Body,,,,Tier C research — community recall; verify answer on Cisco Tier A only,2026-06-27,0.20,
2026-06-27,certimaan-ccnaauto-samples,https://www.certimaan.com/post/cisco-devnet-sample-questions,200-901 v1.1,31,On which network plane is routing protocol traffic handled?,1. data plane,2. management plane,3. authentication plane,4. control plane,,,,Tier C research — community recall; verify answer on Cisco Tier A only,2026-06-27,0.27,
2026-06-27,certimaan-ccnaauto-samples,https://www.certimaan.com/post/cisco-devnet-sample-questions,200-901 v1.1,33,Which two statements about JSON and XML are true?,1. JSON objects arc collection of key value paire.,"2. The syntax of JSON contains tags, elements, and attributes.",3. JSON arrays are an unordered set of key value pairs.,"4. The syntax of XML contains tags, elements, and attributes.",,,,Tier C research — community recall; verify answer on Cisco Tier A only,2026-06-27,0.40,
2026-06-27,certimaan-ccnaauto-samples,https://www.certimaan.com/post/cisco-devnet-sample-questions,200-901 v1.1,34,Which action resolves a 401 error in response to an HTTP GET that is issued to retrieve statement using RESTCONF on a CSR 1000V?,1. Change the HTTP method to PUT.,2. Change the transport protocol to HTTPS.,3. Check the MIMF types in the HTTP headers.,4. Check the authentication credentials.,,,,Tier C research — community recall; verify answer on Cisco Tier A only,2026-06-27,0.15,
2026-06-27,certimaan-ccnaauto-samples,https://www.certimaan.com/post/cisco-devnet-sample-questions,200-901 v1.1,38,"A developer is reviewing a code that was written by a colleague. It runs fine, but there are many lines of code to do a seemingly simple task repeatedly. Which action organizes the code?",1. Refactor the code by removing any unnecessary tests,"2. Using functions, rewrite any pieces of code that are repeated",3. Reverse engineer and rewrite the code logic,4. Modify the code to use loops,,,,Tier C research — community recall; verify answer on Cisco Tier A only,2026-06-27,0.11,
2026-06-27,certimaan-ccnaauto-samples,https://www.certimaan.com/post/cisco-devnet-sample-questions,200-901 v1.1,39,Which type of threat occur when an attacker can send hostile data to an interpreter within an application?,1. Cross-site scripting,2. Sensitive data exposure,3. Broken authentication,4. Injection,,,,Tier C research — community recall; verify answer on Cisco Tier A only,2026-06-27,0.20,
2026-06-27,certimaan-ccnaauto-samples,https://www.certimaan.com/post/cisco-devnet-sample-questions,200-901 v1.1,40,What should a CI/CD pipeline aim to achieve?,1. to allow manual testing before deployment,2. to require minimal manual interaction,3. to support new deployments on a fixed monthly schedule,4. to provide a documented process for feedback,,,,Tier C research — community recall; verify answer on Cisco Tier A only,2026-06-27,0.17,
